﻿﻿("ffa4b27a-0ec9-4b2f-a013-6b5e75c33659", null),
("aa839ada-0f80-4b39-bf61-f1419f2c8e37", true),
("7ecb2303-c43b-4f8d-89ee-f46671931e75", null),
("c1b05ebb-26ac-45a6-8b2c-c3e629ffb57d", null),
("bd7ac76d-be09-488d-abaf-55e4cb0191bc", null),
("92447d3c-3efb-41b1-ae93-2a1b66959445", null),
("dbffc66e-2a13-4ad6-a93f-673875e2e2d8", null),
("fd21dbea-5262-48ee-820a-63cb72db9ad8", null),
("9b651e9e-a87d-4fb4-95b0-79f21bfa0e5c", null),
("60eaf0d9-f93e-48d0-94f3-6b538d417b2e", null),
("39d341a5-f71b-4c06-b363-7b62ea647072", true),
("a6e4109d-ca03-4ba3-86f7-032060de8407", null),
("c4e6d9b9-b920-4f20-af20-703455cc6e7a", null),
("344a34e6-3fd8-4cc5-9cf8-3767356a28ce", null),
("4fb2cba0-f395-4b4a-8894-0846466939c9", true),
("56e78476-43fd-4db3-8941-d41ee454cbf6", true),
("cb2dc7eb-aba6-4c01-9f76-0168ac46b0a0", true),
("81297509-0546-419e-9824-e1030973322e", null),
("46be2ee6-6f47-499c-a9df-ba093d962795", true),
("a7e2567c-2a97-45ea-8ea4-e96102636f76", null),
("c02ca004-ea7c-452c-85a9-7760ebfd2b7a", null),
("2de21658-0801-4ada-9c36-f1e87bda7362", true),
("511c00a1-cd6a-4808-8310-fa2671fb936e", null),
("936bc791-0df6-4077-9f4c-f0207c0adbaa", null),
("541a3cf0-790d-45eb-b83e-4e846d93163a", null),
("91bd0079-d799-4e28-907a-8d2e3b6a80e3", true),
("2f577193-3aef-4a57-8e62-82c727da2093", null),
("46f6c6d6-a1d2-4cdf-9963-84506a7c1651", null),
("e779427d-8378-4e49-af25-23ab0dfeab16", null),
("41c8ad1b-7af6-4c6b-971b-c5651de1ea11", true),
("b8a2bf1d-88b0-42d6-8954-4e66826c6200", null),
("ea2872c7-1d5e-4e1b-92a3-3cbf95bddded", null),
("605aa2cb-b313-4226-ae64-0f7261ec7c96", null),
("ebef1c46-93ff-4fbf-b462-762c8024f16b", null),
("9be461cf-026e-4138-85b8-4ac3ce0fab0a", true),
("31ee1473-047a-4f48-98a9-3b9e9142f432", null),
("6ca1363c-6a16-4bc8-9196-daddc010ac0a", null),
("075e08fc-2df3-403d-a6bf-f7010a802e51", null),
("721729c9-9625-47a5-a122-4ed82eac6feb", null),
("46557c27-331a-4588-8b86-8d3064e9695c", null),
("5cc320d8-c9c9-4609-89d9-e0d003ffc6d1", true),
("d2245a3b-c29a-4aca-912e-23e3b7c7c000", null),
("c25852a0-5e95-4344-9795-e40276c41c7a", null),
("09b77fc5-6232-4bb9-a4a0-34a440b5998e", null),
("ec139062-9ebd-46f3-8dcc-adde8cf789ce", null),
("3bf9405f-0cbc-4397-b5d5-b2ea432b0174", null),
("63039e6c-00d3-471e-83ad-116d5f26d7a3", true),
("dad58a0a-d0d1-4b01-88aa-eae6eec57f25", true),
("a58d88b2-0339-4ffc-88aa-bf300ab6f446", null),
("37962393-5419-4481-a4e0-3aaf2ae651e8", null),
("9b295f00-baff-488c-8146-d9e39c3fbd33", null),
("eabf4a26-6d4d-44ed-b306-684d5c79d0a5", null),
("3ba34a86-e2b1-413b-a552-956d768d4cbe", null),
("ae0676d6-f7d8-4f92-8652-9561a1fbbbb3", null),
("12ac11be-543c-4656-b96c-2b23bdf2d69e", null),
("9a5d32b9-828f-422f-8d09-c8f34c8a0381", null),
("aa873b47-8a44-4196-8a03-98de164341d7", null),
("b7b3f004-4914-44a1-8a26-7ae4601f4201", null),
("11c625eb-f19b-4939-bc76-d65f348ffd0a", null),
("fe637e19-f8b6-48cb-8c8b-3d91e3587c14", null),
("d5519b18-9554-4f21-a981-6247beb824ae", true),
("efd40c95-1371-44e5-bdef-975952424b2c", null),
("6e125de5-1812-4cab-ab5e-c4af6f8adbfb", null),
("23f3e3f3-c9fe-4043-bd3f-022a362af424", null),
("79ef5e0b-baf0-4d9e-b6be-64fac89c013b", null),
("276a27e4-82d1-441d-9539-dfc623d5bd6e", null),
("bd4ab836-4e09-4319-bd5c-187b830306c1", null),
("5cb5516d-6fd6-4cdb-9c2d-6b845c16137a", null),
("1f72c7c3-e020-4a3b-8b30-fcf6f824d1a2", null),
("704408d1-bcce-4f0d-ad1a-81329c8176d3", null),
("23438884-0d28-4457-99dd-94c928871101", null),
("f841f2bf-7c7f-411e-9eb2-4312c400fff6", null),
("b13ad092-6a02-4063-ad91-191b8a486523", null),
("077b63af-41d5-46ba-9d54-8c1fbf329570", null),
("eace80b6-92ca-4b15-b869-ec5f337a96e3", null),
("29d6b405-ad55-48c0-a807-8c672b2a65f9", null),
("5c630e94-c1ad-486b-8600-ff44fc2d341b", null),
("6582dc85-48c3-4bed-a587-16a450e38be0", null),
("611617e0-3558-4c13-8fe1-e9e3279b8cee", true),
("5ace4c86-0de0-4e70-8b06-b1594366b5d5", true),
("4b4fb23f-f979-479a-8ab8-556f1b584bcb", null),
("e1014197-4287-4a47-978d-689d195c9f34", null),
("27347f03-6293-41f2-92dc-0fb6d1f9c8ba", true),
("fc4af0da-d2e3-4f46-b916-26861351240f", true),
("6c5fab65-dc4b-436a-b269-52ef97eeed50", null),
("f0392e9a-4a22-4fed-a622-3d93046838c5", null),
("5fe9da9b-2581-4388-ba64-3fc43158b2f6", null),
("3621826f-e810-4936-9bd6-f348eff32845", null),
("45a6eea5-515b-479a-aaec-85fd197c37c3", null),
("cdb367b6-3bb4-4533-95b0-98ed5379799d", null),
("ab658577-6083-4169-92f1-499ae7a2fb71", null),
("8728dcad-15e9-4ed5-a189-a5b2cf2e773f", null),
("b3453d4f-208a-4d96-aa93-6dc57868a14f", true),
("8c8ebef1-bfef-4245-8701-9d7092abc3d2", null),
("994e7da2-b6c8-48f2-bd0c-cc84b4f14062", null),
("e34147fa-0422-4ef0-bb03-17bfcb044990", null),
("90f2d06c-c57c-4a6b-9410-ba95d6aa5abb", true),
("19bd7f03-755d-47e4-bae6-60635dc1ba92", null),
("038809a9-bec7-4737-b9d7-322a0f75144e", true),
("e53dcb53-733c-4534-93de-65fe109dc727", null),
("0ea85917-cfe8-4c5b-a579-22079f5735b5", null),
("4cf96afd-bc78-46ae-b406-e5b5bf6bfd29", true),
("e6981214-b8f1-4a43-8caf-a64a81a74c21", null),
("101cfffb-012a-4a42-8831-18fcbf030d4b", null),
("b3b8918a-8a5f-4da6-892c-9f497da4a713", null),
("7820248d-4571-4efc-a27b-9be4edbf5673", true),
("e9cf96e8-1c85-473e-a34d-81ea972b1764", null),
("21b60ee3-1b7e-4d73-9b98-9391e701986d", null),
("19332921-bc68-4d9a-99dc-687326e5a1de", true),
("420b0003-bf21-48af-aa05-89c7aedc8098", null),
("835b5015-26b8-4be9-acc6-c14f4d7fa08a", null),
("416c2a66-62e2-4995-8f86-ba4771d47d44", true),
("5d1827f1-5d38-492c-b72a-583b5284294f", null),
("d5b2750b-835c-478e-b6bb-3dd0aa669c28", true),
("64ffe3d1-7754-439a-ad49-4ddc9b398dec", true),
("3c8a53fa-efcd-43da-94b4-1b947028ca49", null),
("95e95e31-4d55-42c0-82ea-ee8ab28aa325", null),
("d1b6add1-d838-42cc-812c-284e7fad1d43", true),
("ef006304-c434-4606-9bd9-eb90c147a66c", null),
("6605f04a-1518-44eb-b1a6-86f953221da1", null),
("9af2390f-4c2a-44c6-8c50-91b1b5cbbb2b", null),
("547c707d-1c7a-4e80-8394-6bb3ccc0c340", null),
("d6039491-97e1-470e-9170-7f373cf48066", null),
("a4b9e3e9-3d06-44b9-a62d-bcb09f83ea09", true),
("2a40c288-5b51-4dca-a158-cab7a5199b32", true),
("8142b0c5-dbe2-47d6-8aeb-b13e14e6c486", null),
("f20531fe-aa83-4e70-9e3b-e2bfbfcde538", null),
("50107cc1-5b23-49d1-84f3-1d9aedf9fee0", null),
("9ba11723-8593-4c32-855a-67981e57a8a1", null),
("6f29f91b-dd28-402d-adec-185df1d5314f", true),
("910051c3-45dc-45d5-a4df-ec585c6733a7", null),
("0896eb0c-a7f5-48f0-a809-2b39053c416a", null),
("3605b7af-9a11-478c-8b3d-ebb2d520de37", null),
("63b65f1f-6801-4669-a740-13a921ff7add", null),
("07103fc5-999b-4fd0-af9d-0582f7ad38d9", true),
("f4ea5637-823a-448e-8a16-70bb668321d8", null),
("3b593c77-e58d-47d3-bbcb-dc3e1ff9e382", null),
("bc528dd0-835a-4e78-a7cd-1dea7c9b7c83", null),
("431a2c44-c392-4ea0-b811-d2a50ce819d0", null),
("b775acc7-1fa7-4792-baee-10a6e6e22bbd", null),
("b297d816-bf52-4bfa-a0fb-91f32ccfa830", true),
("fd93e11f-e60a-44e5-b1c6-efdc493442c5", null),
("70a73df2-e6c2-4fed-ac12-adb1d45fc8b0", null),
("49792031-a383-4dee-80b1-642a0af64638", null),
("13f4998b-d922-457f-8f74-0b0d999a4e0c", true),
("3fcd31ee-8513-4c0a-97ba-7dcd93aaadb0", null),
("cc2ca529-f76b-43fc-9fca-f17c64492424", null),
("56a0b8ef-8cff-4cef-827e-443e9e56b8db", true),
("0e2b2b28-8169-4ded-b572-93fd10e81822", null),
("38ac69e8-8fd0-4cdf-a8ac-3cf99b17d940", null),
("9b500018-e472-4b78-a78b-f5269d97318b", null),
("34824652-5234-47d1-8b28-42949b9de501", true),
("9f8fe146-bf15-4ccd-a12b-aacade4e8599", null),
("a63e7d6f-0f12-4f0e-a44b-0d42d96e7aab", null),
("d1d95a0e-a86b-485c-b7f3-5d0227e6a9da", true),
("49269dbd-1db0-4837-8b00-9c2a36601938", null),
("fbff77ea-2984-493d-9a18-c0077b9cd556", null),
("dd881a24-eb02-445f-8d1c-6d7e2fd52f1d", null),
("4948ff12-9178-43e5-bcde-9e558234323f", null),
("dac1acf5-b845-41c7-84ab-c0a028639319", true),
("4e2a0ad3-48ec-41bf-a956-d1e667479288", null),
("dd782702-10b8-40ca-988b-641aaa8591d0", null),
("e4f202c5-1cfc-4572-b64c-0adc5697544d", null),
("9b28129d-fb8a-4117-9b52-32951cf3845b", null),
("57dcbe19-c15d-415f-99c5-2ce72027bce9", null),
("716223dd-7f25-4292-8355-f05a91552ca1", null),
("b800729e-6e07-40c6-aa6f-4033bef11e4c", true),
("852941d7-db39-40e5-acd0-8a1a0b6ab158", null),
("d8e413a7-352f-44ef-8f3c-3632dc0f48ef", null),
("3a0b048e-b2fc-4921-9c5c-190998de02e9", null),
("8a468034-518e-401e-a845-f4cffd2d72f6", null),
("6df2b538-73c0-41c5-b269-6e34e1819cb8", true),
("e825016a-d56a-4657-8893-8fb84691cfd6", null),
("27441401-9014-42e4-99e3-0f9ee70ddb5a", null),
("527d4aee-fcd7-4a1e-8a53-f7e15135714e", null),
("60c14ecd-727e-43ad-af5c-765e62a7ab81", null),
("564477bf-5986-44d7-a960-6c8180abc97a", null),
("2afcf9eb-4a23-4210-907b-e298a03dc83b", null),
("0e2e9290-2fcc-4629-9d8e-9e156899e14a", null),
("2bd0da5d-80b0-4950-bb21-0c002b364784", null),
("d1e7d75e-db35-4e29-b183-72e5d442304d", null),
("29803b8d-85f2-4de2-8f6e-e39ace837111", null),
("ea510964-de3b-4752-adb0-b1c01d73256b", true),
("387107ff-5a6a-41fe-9602-ce996a9bcebd", null),
("8abe7e92-a927-4123-88a5-8dd7c334e44d", true),
("f66b175f-eb5d-48c1-8040-a268db063031", true),
("e984283d-724c-43a4-9377-cdea707fa1b1", null),
("119a143a-9e8f-4643-a606-643d438bba02", null),
("0f4bc4bd-de09-455c-9076-f3e64ad72341", null),
("c7884238-3747-4524-b612-640dfa1e49aa", null),
("e4d4813c-9b93-482d-9982-36f954c083d1", null),
("cfd876f7-2536-4a12-b6d1-0680e0758d2c", true),
("5f8bf9e2-2eab-46af-b663-a3f71c61c3ac", null),
("122f3b03-9606-4001-98a1-f494f3afdcbf", null),
("5ee92e6f-b855-4f6a-8ac9-c2d2f9cf3662", null),
("1772a3b4-8787-4a67-971a-c40797a9c3ed", null),
("957f644c-a457-43cf-ba9a-924db39d1981", null),
("81fca3b7-6efc-4186-8911-fee85ef7cc54", null),
("49b8d778-5ba3-4993-a438-afb72cb5f4d0", null),
("1219d193-a7e9-49c1-8eec-688548e85cce", true),
("a84cb6aa-a02e-46f5-8771-4495abfafc11", null),
("b8190bcc-c0ee-4b8a-87c3-61cedca2ca83", null),
("0629951f-5cd9-4291-b6af-427c52c72538", true),
("8c4fe905-8822-44c1-821c-4f16f16577f5", null),
("38c58754-f35c-4214-b708-539871868fcb", null),
("b64da30c-3545-4914-a6d5-0ec32a6f6c8a", null),
("4ce8ced5-2f6b-48b5-bb5e-490aeff4f7cd", null),
("cae8e4d9-4e12-48a9-95c3-31a18684d2d4", null),
("76525fca-d46b-4567-b3cb-7b067bc9d098", null),
("fd021376-078c-4ae7-b1d7-b30f59a7111a", null),
("53a16b31-f506-4dce-b970-ec1abde899ce", null),
("2201bdd3-d56b-44e3-adee-7d020cf0de33", true),
("91dd0778-3f22-4b7d-8217-72a362380f12", null),
("12054717-c890-4626-99d1-0b416f403edc", null),
("a686786c-c02e-417a-a1dc-3e2f84ec505a", null),
("c29a2677-20bc-4e5f-9e99-3561c1ee7b4a", true),
("78f4111e-4e2d-4c16-9e42-6a2004fc5b1e", null),
("82bbed6a-a6e5-4e0f-a3e7-08dff0b421a8", null),
("bfbae3d4-73a4-47ee-a441-d6f69ee45f74", null),
("9dadc454-de0d-45e9-abc9-37a5808bd960", null),
("82e767b1-1900-48e7-ad94-34017a475edd", null),
("dd19a632-a289-4ea4-885f-ce08d0f6a0f2", true),
("7536f9a3-229d-4fc7-af00-b4a3e78f1372", null),
("de5c9db6-0eb9-41f6-a32a-9f25b88a66f4", null),
("3337c724-7ded-4984-99c4-979f59a5d3a9", null),
("bd7540ba-d73b-4b99-89ce-ab199269b0c1", null),
("ceb5035f-6016-4db3-be76-d1c3382f6358", null),
("96005cda-0c4d-480f-b643-b3c14fc1e169", null),
("db8fe17e-5dec-4aef-a38e-15c495f9a6b0", true),
("6ccb320b-e1cb-4dcb-95b2-5c055896b51f", null),
("8a4415b3-b96d-445a-be4b-2d6b7ec3a424", null),
("148694aa-be0c-4d2d-ad25-3626ab6996de", null),
("118ae74f-5057-4245-ae06-d1ca58d369a3", null),
("aaa557fb-be90-4bdf-825a-a4e2435bc500", null),
("f6a3dffa-a78c-4b61-a4c2-7984516a1448", null),
("a9f0d5b9-b343-4075-ad1a-c1823daf36e3", null),
("adfe90d9-70b7-4a20-9111-2651b898d9d4", null),
("35035f82-c37e-44cf-b566-ecc4dbd87ca4", null),
("2826a68e-37b5-44f6-a599-f7ef54ff91fd", null),
("aa4cebc8-dbf0-4848-b7fb-39be97fe4940", null),
("241e4f0e-2a9d-499a-928a-2f0442811936", true),
("1a6def41-5f99-48de-9992-39c815abdef8", null),
("81a562a3-d67a-4cf6-90a9-bcf5881b3c25", true),
("4c413374-f6f3-4631-9dfc-f5a13f744845", null),
("cba9db05-1c6d-44a4-b64f-f804d928bcde", null),
("e3a1669b-24b6-4df0-8e6d-f49935dfb477", null),
("794c5485-ac49-444b-bcb3-8e4277e2ecda", null),
("d9f2ce9b-5e42-4d98-84c5-526456288f20", true),
("464e394f-4cf9-44ea-b6db-921835991f0b", null),
("013ef34c-c46c-490f-ac09-b7811bf3350c", null),
("55982144-eae6-452a-96a2-9e715f140939", true),
("5f2eac52-58ce-48f3-8e29-c812143cb9e4", null),
("1a944771-99ea-4e60-a63a-07166efad804", null),
("c871c420-da7e-4da6-8e25-c5e9ef008cd4", null),
("e81c967c-bb40-4602-bc8c-b9ee8d5d1a32", true),
("adb9aabc-8cfc-4029-93ec-3343524cd7c8", true),
("890aeeb8-9425-4b33-a1a6-c603b03c6690", null),
("af4c6bfe-a11e-4cdd-afba-9a3a3410832b", true),
("c972ea99-62a7-4b88-82ed-6fb0308cd986", null),
("a5a2e7ab-15c8-4d93-968f-e6813d91ecca", null),
("1278f7bc-e6a4-4f6f-a53a-e7f69bf35781", null),
("465258aa-a947-422e-bd4a-8047291557ef", null),
("691e1f7f-1e27-4886-87a4-391db3300fc7", null),
("61e214c0-741e-4dec-a770-cc0dc4980196", null),
("2713ed65-da5b-4959-9535-4cd67d973652", true),
("8972f836-bb0a-4925-b0fc-1822a9583ea8", null),
("efd3c6b5-8b93-4520-8f96-a467939b65f3", true),
("92e41761-5a31-46ba-85b5-0833c99fb20b", true),
("8c2ecde1-dfc0-4fad-928d-7554643e8af9", null),
("85d2e5c2-cb2e-49e5-9bc4-715c3330c709", null),
("c7818ba5-a2f8-4f67-82f2-6612bd824065", null),
("b7a48e69-a6fb-49d7-8af6-ef648315479b", null),
("87374126-cd8c-4c16-ae01-51aba8bf90f6", null),
("8adc1225-c589-4256-9bb8-eab4a353bb4f", null),
("f47e57fc-6a5c-46f7-b586-71581b5e6f98", null),
("03a50d48-c03c-4b79-aa6d-777c2474abab", null),
("18291e5c-c326-4f0e-96b2-124d0edd9386", null),
("16fb7587-b0ba-48a4-855c-56d52bc21d9b", null),
("7ea2270c-3f28-4775-87ad-bb96280f4a0a", null),
("443b79b3-df63-47de-99ae-5b59cfdc4ef0", true),
("af78a91f-d436-45f5-993d-7669aee984fa", true),
("9ceb1ebf-0dab-42d0-a884-243c08f04e59", null),
("746c1025-2928-4f84-a935-0daf8795c9dd", null),
("3fc7101e-794e-4bb8-9d39-0948498772e8", null),
("04e86033-7165-47a9-afbd-e6dfc5926dbb", null),
("5799ef50-3d88-4e6d-aa1f-979c20e26fb8", null),
("7a5d4005-5a18-4003-a7a6-f07ad22703fa", null),
("088a51dd-c083-44d2-ab86-dd63e7e26dfd", null),
("f7369f43-e3ad-481b-837e-d2f23fd9565d", true),
("5ace66c5-3c28-4af5-b0d4-c07234b65920", null),
("487d2687-03be-4227-9dba-62eb4967552d", null),
("53fa453e-3d45-4160-a68c-74d9f78a29ef", null),
("9f93930a-e259-4bed-942a-ed7e2e5a5ba5", true),
("51694026-7158-4951-a97a-2fbfde79c2ff", null),
("cd429a2e-8c90-4dde-9817-da1846fd0bb9", null),
("19b8e416-3eee-4d33-9629-e307d6fe8b51", null),
("0f25b70f-45c3-4813-9f37-b7080b953e4a", null),
("9c4a03a2-8866-4ab9-aa11-72129970dbbd", null),
("dd262e45-1f85-4cca-b884-82ec1d721bdb", null),
("dbb8b544-1543-40ec-8ca6-ca52e61acd7e", true),
("7896dfd4-a92c-4370-8655-63c31a9af7c8", null),
("2e4de8fe-79aa-4739-8245-27fc4d1778ef", null),
("fce2b8f4-34e7-4f1f-b854-756e11ebd582", null),
("9a7cb3ad-178b-49c8-8d5a-95e9f68372e8", null),
("4a3595bc-a785-47a0-886f-cf4e234b6117", null),
("f48d0149-f07c-4cf4-ba1f-d5d2fbae8a3e", null),
("83fdd4da-5552-4ac6-9bc1-d7cc8fe4b485", null),
("cd9d9fd7-b8e0-46b7-9238-1fcdedbb25bc", null),
("e9d47b73-bf4a-4eb9-85ed-0f522ba7ca55", true),
("82af21f1-877a-43ab-9834-c7c6c9ce6cdf", null),
("f54d718b-30f7-4c9e-872c-b1f5bd11660b", null),
("145c1e62-dff4-40d2-92bb-771250a6be22", null),
("dd1e82ff-0665-4922-a392-4eba1ddec698", null),
("42ca7d22-7109-4fd8-86c7-c963c154899d", null),
("cd99a765-2dbf-4237-83c2-eadd749164c7", true),
("12c94f34-cf9b-4d20-93d6-264c62ce5526", null),
("d60ab315-b3be-480d-8504-18e2daa52ba5", null),
("660731ed-7b9c-42bc-90c2-fa77793f597f", true),
("a1727e21-9ff4-4fa0-a53a-8b2f0ba9f583", null),
("8ab3e974-81fc-458f-94b8-51f5263bd366", null),
("25d7ce7c-2513-4dfa-89af-f386a3328646", null),
("6ff652f7-f759-4e0d-9188-52a62ee43601", null),
("884e1bab-6919-447d-a1a1-7ebf56aa914f", null),
("eb6e85ed-2a3e-47e5-9fd3-e321cb553ad7", null),
("b6f7d7a8-56df-4246-b45d-a5ebc567ec94", null),
("e87677e6-3dc5-44cb-830d-e5ea51dcfa69", null),
("de9803ca-044d-4d73-a45a-6bb731e20f55", true),
("7357ad4d-5798-4861-9b2e-73fc7a34cc71", null),
("268060cd-5eb1-4ac3-b458-bba69c80e24e", null),
("f2bf00ea-ef8f-44e5-af4d-f1fb8fd22394", null),
("c806672a-1efb-4d8b-93a6-2bb175911b97", null),
("c1ca36ee-f63d-438d-98a9-2c4f64f554d6", null),
("a5b18004-8a8c-484f-ba15-56699e124c8d", null),
("866fdab2-78f5-4e36-95e1-f2443ab57e83", null),
("af5fc338-abf7-4cc5-b10a-cb2aa83056db", null),
("697e4191-04a8-42dc-95f2-9bbc1de9d340", true),
("90e7f815-1c2b-4f44-b5f8-2788d0888f16", null),
("c0fd923a-8b96-440a-a4b6-e7fa83502421", null),
("5206f9d7-fdb6-44c3-bd96-c302cc7fa06c", null),
("e2529102-8a4f-443c-a53c-16120525a29b", null),
("009a6f05-aa75-4243-85f5-9cc88bbdd20d", null),
("cb158b82-570a-45aa-acac-cda0c3d0a4c7", null),
("99cb9dc9-f330-4d3e-8207-a11984285948", null),
("679c772f-ed69-4ce8-b043-100a658a4b3e", null),
("5d09583a-9424-4756-b5a8-7a7d45de4071", true),
("c3f78698-ce89-4016-a4df-55ce84cd0bab", true),
("74997123-2eac-4af8-a734-7645572f1af7", true),
("9f89fa3c-5549-4727-9005-0330d961c5eb", null),
("8d17e6ee-fa02-470b-9571-93ebce7efd4e", true),
("72b12e21-a4cd-4a03-8cc3-f79a453656ab", true),
("029cc742-dfde-4a9f-80b4-96f9c47976ad", true),
("963ac99a-5f8f-4ad0-9917-e2c679fc4c32", true),
("64769ecb-102a-4333-8f44-6ff6f5fd6170", true),
("fdb31524-8fa8-482e-9ce5-815079b02ee0", null),
("50ad30c7-4053-4600-8c2f-9a3c38686d5a", true),
("9e206ae6-a41b-4c75-905a-30196a0d5f69", null),
("690dd317-f716-4c80-aec0-14a45e62f295", null),
("012c7f1e-a97a-4329-a8b1-d7fbd6731c99", null),
("afab0270-c2cf-4131-a346-4936e62ea3e0", true),
("ab6ba0ca-1185-48f8-95e7-f1ec55e490c2", null),
("0104ae3b-3e48-429f-88bf-e99eebe59485", null),
("b0edb1b1-dcc2-4b8a-87a9-163f77b574e8", null),
("c401adf2-4912-4a9c-ac9a-ff3bb16cbfa4", null),
("89162503-45a1-4241-8867-84c1fec89fd7", null),
("dcb0afe8-73f6-4cea-86f1-26d8a70acfc5", null),
("c52431fb-df5b-448a-b3ed-fb8cc382174f", true),
("1a3dc902-9c9b-4625-8ee7-76c75d49b510", null),
("faac8250-68f7-491f-906c-5d5bcd61f178", null),
("dbfc9b60-dc10-4b1f-b3bb-1e8dac0d5ea4", null),
("a35264c7-15be-4165-af62-71180e6f5b9d", null),
("dd0cb255-e3e8-4c51-a5ad-6c9717fcae5a", null),
("608a275e-3d5f-4ffe-b51c-0e42ce177dac", null),
("2c0982c5-e803-44dc-918e-ff7895338513", null),
("be67e49e-5dbb-440e-86f6-a16e08511f75", true),
("3c52ee82-20f0-48d1-9093-697d3a9fafa3", null),
("96bac1c6-3f07-4a11-acd4-1812306c8426", null),
("f8a99dc5-45db-4ee1-97fe-de1afccafe67", true),
("54c25147-ff1d-4afb-b228-242fdf69a3a4", null),
("8a288230-d8aa-4195-ae1d-a8e132901d3e", null),
("799cd21b-1052-4a16-b2f0-1130c1e21c1e", null),
("51fc31cb-e9e4-4d10-86b1-fe624d025d25", null),
("438c2dc7-7d22-4ef2-b466-b121a29b45c6", null),
("a6f7d7dd-748b-4b83-b950-d52bd3fb2766", null),
("49ebd9ea-976b-4ab9-9306-154f140401bb", null),
("798f3d14-ae01-408d-a1a8-bfdeb73bd6c5", true),
("6a0122fa-7539-4a46-aab1-bd10f46766c2", true),
("49e96ca2-7142-4d45-8546-14556c7490bd", null),
("f41d35c9-4b92-40cf-86a2-3a4fe0218302", true),
("c2f07896-c7ef-4d28-8834-f89a61200aa3", null),
("fe61f675-6b95-4e9a-a048-c711cc689e48", null),
("6eae4f5c-551f-49cb-ae65-9739e0a6c209", null),
("9b80aa29-eab9-4870-bad8-0bb2e125b8c9", null),
("8e1bfc56-88bb-4c50-b4f4-225c544c0eb1", true),
("8fcfe524-025f-45a3-a5a5-10c9b63c0bf0", null),
("49075827-40de-4924-a760-abe43e229205", null),
("b7c95dfc-817d-4639-b2da-7dd639925f4a", true),
("02c7ba72-cec9-4147-a3f4-525e810dc412", null),
("c2194766-2972-4ed3-9387-a2021e156cd7", null),
("431bd5a6-b30f-4391-8acc-f74e6671e87b", null),
("614b713f-083f-4106-9a29-c5718abadc7f", null),
("53846049-7f0a-4f28-b03d-6d366c200182", null),
("0696a695-dab9-48c0-a507-8b80477e48fc", null),
("7720dc54-c7e9-4b13-bdfb-7bc0d7e67745", null),
("b9b066b6-779f-48b5-b2f0-aaff6fe48401", null),
("ad54c9cd-2016-4bb6-ba33-941f238c5767", null),
("e9b4e0ec-80ee-48d8-8477-10d1a5d06254", null),
("770063ff-aa39-48c3-aae5-4d5fe91a147e", null),
("76fec7dd-1e11-455c-8bef-df3d3d16cf12", null),
("e0679f67-58a8-4529-ad0a-e24d7b7fc277", null),
("78434b29-b736-49e1-8a50-ee473073c562", null),
("a57099f1-e707-4123-aabe-2b4465a2afa3", true),
("8ff398f7-9a39-462e-a4b2-88a99ee6b68c", true),
("bf0169bc-67a7-427c-a7eb-eb1774528f9b", null),
("1fe61ec8-6e39-40f9-9fa2-b1af39467f5d", null),
("6216121b-96c5-4ced-ac0c-52aa41d41b93", null),
("37f5d16f-c9a6-4562-ab36-eaf86e1cd0ac", null),
("38425adf-611d-4276-9446-15c33a44258a", true),
("eec061b6-6162-46ce-9967-8d3e78acb6e4", null),
("2b398962-e320-46cb-b98e-25d12917053d", true),
("653ac859-6011-4d34-a023-927b0091a01b", null),
("255504d5-6dbd-43d5-9ffd-c083e603b2ce", null),
("0cc2ef2f-5c30-4a1d-8068-125073b50539", true),
("172f26f0-feb7-4ac1-8642-6d609c14f7d9", null),
("fd150215-f5fe-4a7b-867e-28b42a59da66", null),
("e0b9f5b7-f159-4e50-ab64-d3e0df680a58", null),
("6ddde8eb-59dc-4df5-9dbc-673959ad2cb3", null),
("6662b851-e595-4b8f-8625-879a86f3a7ef", null),
("c50ab097-775c-4da0-a892-4225024bd38c", null),
("bb5e1b71-da17-4563-8217-b399d353c265", null),
("d75dffe1-4ff3-4d0a-aee1-15c94e177f0d", null),
("fc627fcd-72e4-4957-9ea4-bfdfaf32e3f5", null),
("050f262a-783c-40ea-9792-93f6224d7236", null),
("41e00c43-1a87-4125-8f20-1f7ff2589caf", null),
("00d2960f-e07a-4eb0-8281-195de99a82fd", null),
("96f99b63-00e3-49c7-8a29-445c74815af2", null),
("32c8e38b-b1f4-42be-b511-4df0f809a4b2", null),
("7443d198-84da-4fca-a6db-ec226b975e8e", true),
("685cd9c7-087f-46f3-9af4-d0649b7bf555", true),
("32071572-5d89-4c6b-8c09-c325e121145c", null),
("0b58e13c-a3b2-420b-b175-5e671586b334", null),
("6ed23c5b-09f6-4814-95e0-e07cecc2a52d", null),
("4a9878c9-3d11-4cb4-b8ea-14218ba7e308", null),
("b93ef41b-ed7d-4332-aab9-b25070c4db7e", true),
("cacc2965-73ce-442b-96db-ecd67662700c", null),
("86eafe8e-9010-4d40-bffd-634c00206511", null),
("00aab86f-90bb-4bd7-9fe0-aa021cd8551d", null),
("3dd7b845-51e3-40c5-ad4f-c5b6366827b4", true),
("e4e61486-1c8b-4666-a43c-76db14fdb369", true),
("dce9e069-ba56-49cd-ac56-a50fb9891c47", null),
("903d7631-2ddb-4c80-a8fc-dc32dab9c977", null),
("364e9138-468a-43c3-8ea6-88c4c2602a15", null),
("8e66dbdb-352d-472e-bb9e-97c4ef461729", null),
("68056e4e-6d27-4de3-898f-d088db0fe61c", null),
("a166415a-5f97-4aa1-9841-9af0e99b5eeb", null),
("e31f93d7-6f2f-4fab-b930-04aec625b4ec", null),
("977c2e49-6230-42ba-8539-c578dbaa608a", null),
("858c6d68-d105-4d17-a1de-490c3e68a963", null),
("75614caa-b810-4bbe-a935-9cd698243d8f", null),
("9a0d14f9-a2e6-4dad-9e50-23124b5558a2", null),
("379750d2-0259-4829-ac9f-e707bdc033a8", null),
("0064d13a-48cd-4eef-b181-16d43d385eea", null),
("9244132d-b8df-4a91-94c9-91c88884a1ec", true),
("b4fb367d-107a-4f55-a4e6-ff4d47c08246", null),
("f447216b-7fbf-4a33-847e-da1d6b6a0b5f", null),
("a61df75e-29be-476c-a910-edabcade3ff7", null),
("4e4edeb6-fcdf-48a9-b0b3-e259b6f8b049", null),
("a2e46daf-12ed-49be-a30f-ad218cdddf22", true),
("e919e3b1-18dd-4fc4-a84f-9845b503e29a", null),
("3252047d-fe26-4e19-a2de-3440bb892c9b", null),
("1e6186d3-2be4-413d-8475-e71505fa1d73", null),
("c5b49e90-26a1-4fbc-9d2b-3e344c60d659", null),
("ff00f046-b258-4519-9d51-a09797babf3c", null),
("767f4353-3a2d-44a2-b0cb-1c58388d5fa5", null),
("1a3c8082-6371-40be-b4a3-cfaaf86f9f3b", null),
("7ab01149-7e3c-4e6f-a1c3-af5134e41c6f", null),
("393753b3-589a-4080-86e0-0cc919ea6cad", null),
("2e70fe61-8b9f-4888-a93c-f1aba0659e18", null),
("f62782e5-397b-4d86-9a80-8468689fd240", null),
("85f44a43-6488-46cd-af84-f5d4fb5b6640", true),
("62f7d6b9-fc8a-47fa-9fd7-438600945b44", null),
("343828ef-845a-4e5d-b7de-3aa5225ccafa", true),
("6bad715d-4df9-47e9-9769-5e4b613c93c9", null),
("f12e7f00-3de3-4dee-87c2-ddc55e4906a5", null),
("1f31f200-7b0d-4c1f-ab4b-0858bc50de97", null),
("8739fd88-e01f-4c09-b42d-cbf4ef999c78", null),
("5f200e45-e771-4beb-8a5a-47621e94309b", null),
("c04c8696-a6ae-4018-8f98-da803c459c9f", null),
("839329f1-0fab-4445-9e55-6daece27b34c", true),
("71b3b377-2919-4308-b321-b6fd5882f791", null),
("dfec7204-e827-4adf-9f18-3a691ac5ac30", null),
("c5012cfe-59b5-452e-a320-ce6573acf5e6", null),
("47d457f7-37ca-4dd9-b90a-5bac0892cca5", true),
("bce184c0-3cc3-4d84-b111-8df1fac216db", true),
("baa31f3c-b949-4e42-912a-bcff3b7531e5", null),
("6b045b57-3dce-4f63-9af7-31984c29bf82", null),
("42a4c718-22bf-40fc-8401-9c786fc3c47c", null),
("6f8a6b03-a83d-4492-9382-5b0293d25799", null),
("eee3cfa3-6b18-473a-8665-162ec250ffec", true),
("99252a65-7a84-49aa-8f8f-9e45c691c4c8", null),
("88569573-a872-423e-8f46-6703e857611d", true),
("141b605b-93c2-4976-ab04-83145d21ac38", null),
("f2cb63b0-4857-407c-b19e-7f4a86da22fa", null),
("6a916f8f-404f-4e9d-8ae7-7b1f386b5ce9", null),
("8878cad3-9409-4b64-be75-43bb46f4c3fa", true),
("82d50782-2fb6-4e12-a34a-7343ef012a44", null),
("29f749e1-bc4a-4b1b-95cc-fca94358c9df", null),
("342f11bb-2e71-452a-9e1d-7f8572cbf5f7", null),
("bb56da17-eb04-4c33-9603-6eee12943a9d", null),
("01a75850-4078-4669-953c-29af05d058c0", null),
("608ad234-4b75-4b62-bc87-57cd0782835a", null),
("598ddd25-651f-4a0e-94e9-13af244e3cc6", null),
("b7401aaf-51b8-469e-9876-b9fb55d61496", null),
("fc77a54e-ab84-4c3c-9f9d-f50860c4ed7b", null),
("af2227c3-7e1c-4fe4-ae60-c5e9cd63fc21", true),
("5774d232-d22d-476b-9033-590154333ee6", null),
("52302938-5cba-4ea0-9ab7-14b8b921581a", null),
("58bddabd-2402-41cf-b192-14d5210bb431", null),
("b1b63d70-0b10-483a-b214-d2c177f1d9f7", null),
("b06ea775-c4fe-4164-b8f7-b9e57601eed9", true),
("beeeae2f-8c78-46fa-bfe3-8c310243952b", true),
("9ad4e7c4-59c6-4f42-8189-3b20744d3316", true),
("5c4e73d6-7d87-4e08-ae3f-0c5c4676022d", null),
("14e09f40-e986-4d53-aff4-da94d13299f5", null),
("d6d9c87b-e4bf-41ed-84d0-0ce2100a1a82", true),
("b2b26c3a-297b-411d-91e0-99b469a949c7", null),
("aa5314ff-a0f3-44e3-8d93-38c3f1f79020", null),
("c1ed4fb6-916e-4958-aa94-dc8cd9b12ce2", true),
("fc133e89-06ee-447b-b0c4-3e76b6a25271", null),
("c10445d2-1cda-46ea-8155-a0e35c87dba0", null),
("4586803b-cc6d-46d8-84e0-c3e9a5f0cd8e", null),
("8041f2d2-22c5-4b87-96a4-5e5a688c2ad7", null),
("68331a87-a1cc-4615-ac71-00da25b055da", true),
("669017ca-63c5-464a-89c3-8efc14b1894c", null),
("0fc70406-c1c8-4d1b-af26-1545e3c562c0", null),
("ee27f347-a140-4ab2-8df4-27e87f259d9d", true),
("120b0dc0-4282-4e4e-894e-5be824b8ff4f", true),
("6e9b258e-a5c3-455f-9e81-1fe4ea7b1f6d", null),
("3ec5e76b-914c-4a87-8722-b3ff9213cd94", null),
("e0a14403-3f95-4c67-8742-74d0be9864c6", null),
("7f4479cb-89ae-4e4c-bc8e-51501e2d775b", null),
("e48f1083-d75d-475f-af3f-6b839aadc8d3", null),
("65c6caaa-78a8-4d61-a7c8-45a57d02eefd", true),
("2e2f70d9-83ca-4cb0-a2b0-f9ddd7a36f2c", null),
("7b44dbc9-4865-4488-926f-b0bc2feba1aa", null),
("ef12549e-7735-41d6-a461-adb768403c7f", null),
("82424b37-2258-444a-9d9d-7df2aaee5b52", null),
("2c62c39f-d349-487d-a752-5ad72b654187", null),
("efb17521-9751-4f4f-bb2b-05a33cdbf920", null),
("12318f66-7982-467b-93c7-dc13b6e024bb", null),
("31d158af-7147-4d29-9c2e-5971f2b5ac62", null),
("daa39f0f-c7ea-4b46-9921-72816f20a83e", null),
("e1c7b771-2c8b-4176-8cd5-3b0139efda86", null),
("b9d2db97-44c5-4751-b2e5-95c8511765f5", null),
("6d22e207-386c-4f4f-b0aa-5b1af9611fbb", true),
("3fc9ae03-d68c-4afe-82d8-b1f536c6f653", null),
("03e9027e-5aab-4891-beee-431b553a1bb9", null),
("50a4c68b-76af-4e28-8404-1be2d6a9fb37", null),
("d8cf6f27-622a-47d2-bb4c-46c07d273b8e", null),
("77616bc1-9606-4403-bd12-87924a72525a", true),
("67245c93-d48f-486c-848e-ae8c531858d9", null),
("91508e67-17a1-4625-9f39-7b4351b7f5f4", null),
("731fb764-c6aa-4771-b120-fe70b470076a", true),
("5effa229-9c53-400f-bec1-bf8214de7e35", true),
("8dbc8cb4-2c94-4967-a819-b0757578d70c", null),
("e8079342-90fb-497f-8eba-6fb4bd8d6268", null),
("ed764c9d-232f-4004-be5b-de0b16c01439", null),
("f8c86867-5029-407c-bd33-7eb3b11e3ea8", null),
("c67ea306-65e1-418c-a4b2-146ec16519bb", null),
("5e04fd1c-c51d-4d81-a388-1e29598efb35", null),
("76ba16ce-e197-4a20-baac-bd8360deb3b6", true),
("f3bc204b-fc60-4196-a895-77419432a04a", null),
("1a61c20e-7f24-4c5b-9e25-21d90a40da56", null),
("d6fbcb9b-a16e-4d0f-b6c8-8a6069a27574", null),
("a467f239-e416-4e3b-9e94-37a13901c088", null),
("8a7dc390-da4b-4a4a-bb8c-bf406598b43c", null),
("5954e256-1e71-4932-aba9-2b1135a6eafc", null),
("288cd25e-cf36-45f4-8eb0-607587700d98", true),
("2d60f135-8eb3-4118-bbfb-51c50ea7d4d9", null),
("a645cbc0-1514-4285-912b-c8679913a33e", null),
("7f5d181d-f3dc-4b21-8f3d-c8e77d1aa38d", true),
("cc9d8eb6-8eb1-4447-a696-f32da2540d74", null),
("18bece0a-d05e-4ea0-95ca-eec5ef89a20c", null),
("373024f2-1e4c-499d-ad0f-f5f4d6a06878", null),
("9af7fba3-2653-4f79-9508-ca8498cfd22b", true),
("ec4589c0-766d-4b1d-8f5e-bfee67d643be", null),
("5aae5d8f-2c58-4cff-b95e-927b8e832da1", null),
("998dcc34-5daf-4c65-96ed-0b27584affcc", null),
("cdd6aa4f-7b2a-4b92-aaa7-c1bfa2aab081", null),
("c3211e49-22ae-43fe-ba15-3fb504b4a4ad", true),
("e1a1556b-6257-44dc-bb5c-8543b4a6244f", true),
("4f1a9a5e-cdad-4df5-bdc5-5dce982e05eb", null),
("b1b71e45-339f-4e67-8394-991d94564348", null),
("573d758c-74b3-4593-9ac6-3b4651c21b22", null),
("6d1a6ed2-b6b4-4a02-99ff-dbc116e82cb2", null),
("55dc3efc-0405-4c87-bf56-5d9e7b056c02", null),
("589f4239-a3af-4e3f-b621-d305a72cb881", null),
("42246a64-02fc-4541-a7f5-d60cd93a9412", true),
("4bdbab6d-01a9-461d-ba3b-14091be8ebd2", null),
("1baf509a-1e01-4102-a630-bdcc95c30711", null),
("95edade3-251d-4210-8048-066fd188def6", true),
("8c5207fe-c7ba-4383-b5a9-4bab24e3f1e6", null),
("8077ea99-3b13-4519-a327-89453034b963", null),
("b0454b04-8638-465f-8d10-34e8248d2629", null),
("bcd68e30-6c95-4b24-b88c-b3da174c1e44", true),
("9f063e46-4197-4474-a288-7e058d4b2156", null),
("c5b68e8b-d20c-4101-b789-bba406035797", null),
("09bdbdc9-3ea2-4532-9669-cb8b70f1a8c0", null),
("7313764c-cd6c-4faa-af00-12ab6350a4ad", null),
("4f959143-df3f-4f19-949e-0421eb142a4d", null),
("8a6f7be3-1a72-4cdd-9b7c-755daf1eaf35", null),
("e106c6e1-d966-47f4-9653-c568e021df2c", null),
("bf7d355a-10e6-4d47-8d2d-0aa03af9c2cc", null),
("adb41521-6630-41ac-9319-a783d2e52fd0", null),
("cc585d35-89b8-48d9-b7ff-f483ed2b96b4", null),
("6ba64dbd-ff31-4b9b-9fc6-088af73843ef", null),
("cf3758d3-f8da-4695-aefe-5a09b3ae0465", true),
("2dc5d56a-170e-4297-b85b-93a5b167e555", null),
("1636acdd-8a3d-47ee-82fc-29696af92152", null),
("870f3b48-ce1d-493c-b491-5dd496a121a5", null),
("de5f7f0b-4b63-451a-b23a-c3d1298112c6", null),
("a0f0b552-84da-4941-b43b-a70f95d4cbfa", true),
("79e6f165-1d4e-43b6-af98-9235b4419219", null),
("e5321793-4c64-47de-bc4e-9bdbbef05b13", true),
("e82e6c14-5088-4f37-8d3b-b664fe9adba9", null),
("56da06dc-ec89-4ec9-89ad-87610d1004fa", null),
("cd296a24-6fc6-42bc-a554-59ec53af1c65", true),
("913aa247-0381-4a08-a82a-fd25b3efb42d", null),
("8f814128-1a94-4835-9ad0-47dd1817aa88", true),
("a1567885-3f0c-4896-90ed-5d405763f984", null),
("062e951e-e048-4d46-8478-5d4afcbaf66f", null),
("d6809a53-544e-492b-8e91-957b53e1a503", null),
("ad4faa1e-6e03-48b3-86de-887e69ec3a16", true),
("380302f4-672f-4576-b65d-47ea1ba6b02f", null),
("d223d582-cc54-455f-989b-c6e9f7e26208", true),
("aee13512-b986-4953-8930-0dbbc20e96d2", null),
("0ead7ef7-6a2c-4fa3-86b1-059c32f4a5af", true),
("407e4c4f-d457-49de-b9a7-866599d8e4bd", null),
("afb946bd-7a34-4eaf-aeb5-67e1991745d7", null),
("f0c71846-3ca9-49fa-9124-a2076499bff0", null),
("3576ca4f-bbff-468f-a38b-c63061af7fe9", null),
("32201c51-e7b1-47d2-8ce0-634bdb4d4e04", null),
("2ff579cf-b9b5-4103-9e8f-46d60d9ae52d", null),
("a82191e0-070d-4799-938c-03832cee961d", null),
("80111873-ab27-4f97-8121-fce39b379b33", null),
("109f907e-0eff-4fc4-89c1-264102a458b5", null),
("c43f07a3-6fed-4474-931d-9f858b7a6bb8", null),
("1ee904c8-3a07-4949-ab27-11f31bf89a51", null),
("e300a4c6-5f81-4b6d-97d8-bf3f36d430e2", null),
("28ce064d-703a-4f08-aa94-4e1f87c3450c", null),
("3526ece2-6d63-4924-acc5-a323e1256b15", true),
("28df01ad-4c50-4cf6-a15a-1b54fe3ac630", null),
("6cb61ccf-b547-4140-81f1-5a878a708a29", null),
("bd8fd0d7-1bcc-4179-b8dd-63479ef72947", null),
("93f92183-4d91-4fdd-811e-8d594c22f4f8", null),
("0712a8e2-879d-4f2a-9920-51e16e23a8d9", null),
("66eb9e00-6914-4b0e-b520-e62eb1edc595", null),
("66b83bf0-cab9-4f57-8ab1-5d19674713dc", null),
("6c649707-6845-43e1-a939-894407d8e0fb", null),
("f4165e28-37eb-4256-9eeb-a1031850504b", null),
("68c863e1-0b07-4cf1-ba5c-76ffe9bd6523", null),
("e16637c3-07bb-4eb1-a6e2-9bef144aa25b", null),
("40fdc734-a66f-4ff4-a83c-57339e67411d", true),
("1b52838a-01bc-49cf-814d-e0ffe1113ec0", null),
("c5615179-2c94-49b1-b42e-c38699b6de0a", null),
("1d1dedfa-79e0-46b0-b5b9-a224f077d3c1", null),
("77c31dea-1339-4673-a123-0fa610902fe5", null),
("8618ee3a-5b69-433b-b7b2-1cbddbab4c68", null),
("d878fe43-9672-4f0b-aca3-143115b27cf7", null),
("31123c7e-b449-4ef5-90c5-5b3873436b28", true),
("4ab2b038-ade3-40ee-a68e-340c11cf96d0", null),
("c05e154f-4649-4fc2-9ecd-44a13e19d91a", true),
("9cc44a39-2cfa-4b92-97ec-b90aff8464fb", null),
("1e11e920-24c8-4c66-8667-bbe566ed9ee7", null),
("4d0b4553-aeb7-4bed-8bb9-15dee62fe9f9", null),
("a384dfc5-9686-437e-a529-f9cad03636f6", null),
("5257764d-3bda-47f0-ac24-673bdb308e2a", null),
("42af5618-6b83-49d3-8e0c-4fd5cd68ea03", null),
("18f1f669-c1be-49a9-ac88-97c8542a6223", null),
("f906ba44-d82d-41c0-ba08-8d8532a17b7d", null),
("45aefab3-93f8-48fa-9383-de00fece4e1d", null),
("788d7adc-1013-4b51-bab9-93fba8bfa1fd", null),
("91227d43-77dd-465c-964d-a99947ba61bb", null),
("7ff0461c-87bb-4300-918f-3f1b44af55e0", true),
("cd1dc63f-e8af-499d-a72d-2e0279be1ac2", null),
("df1f7496-5df5-429e-a820-ea4d5d315f01", true),
("8f867912-2485-4b6f-af22-ce7338c892d2", null),
("9f052ae4-7d66-45be-b21c-bff593f1d0ef", null),
("cfd794e2-dbb5-4458-a900-cc81e67fb63f", null),
("1a424edc-beae-4e10-9060-da854e8b5794", null),
("b523ef1f-38fa-4e2c-b55a-8e8e0b86408b", null),
("4d0d6d90-a235-4e4e-98d2-9ddc62997ca6", null),
("4758820e-c3f3-410c-82f4-a832168b562a", null),
("5ebd0489-fae8-4e44-b160-a0a179940dff", null),
("cb66d985-6848-44d4-8822-b95712f59078", null),
("2b24bd38-1c0b-4dcb-b3c9-61bf51a9885e", null),
("a4446bae-254c-4f13-a404-097f89fc69df", null),
("0a9fe91e-cc9e-4a37-8751-4436f15992d8", null),
("30a51e89-5b5b-4bd6-93af-0534af744720", null),
("2876255e-8d0b-4e92-a037-76514f0a719c", null),
("cc94db3c-26fb-4fd6-89e4-781721c6e20f", null),
("4c18aeb9-d134-4334-8743-b4be58ea59fb", true),
("623ccf9a-60e8-462e-b696-15813ea1e35a", null),
("5e3bd2e9-9da7-40ea-a548-4118719622d6", null),
("471f2a46-34dd-435a-9aae-1070fb5a27d3", null),
("73b8c283-1b21-4d5a-aa1d-0af7bd7aef8d", true),
("c56c1e39-2fc5-4012-9f3d-0b6a544b7f53", null),
("160c553e-3bde-4c24-a74d-aafa7f32e156", null),
("354adbee-4e92-4d17-8ab2-922bb5364d72", null),
("c4c29f78-04a4-4ea3-a7c9-233906444e8c", null),
("6ec5318e-604e-40f9-abfc-4c9bf46f8d19", null),
("09a4a4f4-f442-4719-a990-08c1744812f6", null),
("dbed3d8e-0059-408a-8753-8ff5be978868", null),
("bcc22354-1303-4a1c-9c17-162cd6341985", null),
("66768e90-b29c-4def-92a8-4b1519adcf40", null),
("eef77b90-77c1-4990-910d-dfe5541bb6dc", null),
("c7fcdfef-096c-40be-969f-8b4d6955edfa", null),
("16019695-252a-4ec2-8b0e-2dba36ac991f", null),
("c9779755-6c89-41c4-9627-4502dab0958f", null),
("d64c0a4a-602e-43bc-b6c1-9fc32130f3cd", null),
("269c3ad8-fd06-49f6-9f4c-25507be478fd", true),
("be5bc9f9-0641-4b14-9a70-c5a9bc36ea89", null),
("9fb12ae2-9155-46a8-8e8d-d63679e70e32", true),
("5ef634b1-13c1-443a-b675-45ced7e1696a", null),
("ef2560e7-4a80-4631-926c-7f46145818e8", true),
("dd900ecd-860d-46bc-9d25-7a92e23eedc6", true),
("c47eb762-0685-4bd5-b8d6-a285616a4dfe", null),
("8ce6f368-1201-426f-be6d-2fd4ada5794f", true),
("9ff83cdc-f2ab-4a0a-9b35-22ef5592bdb4", true),
("b41dba7d-7764-4511-9ae7-30e41ac06cfd", null),
("e11aec2c-4c2f-4840-9175-8f5463c6cfec", null),
("06321b90-e604-4105-99c8-756216774576", null),
("4ea36f43-9414-4ae1-b993-d2d50025c194", null),
("a70a83c0-28c3-4677-b196-c91299ff4069", null),
("eb2ddc02-a68f-4623-a654-a64e940d3e3e", null),
("0c03f2b2-de51-456d-971a-681c9079635e", true),
("f7f646ce-db17-479f-9090-42068c11efbf", null),
("aaed832f-b94b-49ef-92bb-425a2daa486b", null),
("e607c496-3cdf-4d19-b3b3-20392f185da3", true),
("e3dc9538-4d4b-4748-819c-43b5c8e6fb2b", true),
("d9e34c51-b463-4dbe-9706-10a1eeb96cca", null),
("bbae8bc7-200f-4cfe-88e5-807b0bad8ea2", null),
("d65cf6c9-804d-4eec-95e1-9a10311cb79f", null),
("bb843c26-82af-43c5-80d7-0831ddff9528", null),
("ec594ce0-2634-4bcd-90a1-fe9946652f1d", null),
("571a41c6-62e6-4fe1-8ffc-95802c1751bd", null),
("397369bc-99f2-41f2-9f37-ae5ff76325cf", null),
("d96c6c70-2f5d-440e-84ad-374190ce834c", null),
("2f19a80a-e68d-4987-bfec-5d0469a012d3", null),
("22ba8284-fb2f-48da-9922-c50f50a85367", null),
("a5dd9a4a-17ab-40b5-bb05-fce694995f49", null),
("48346732-84e1-4db8-a677-3caecb834723", true),
("db86fb8e-124d-4057-a7c0-6d54fcd75060", null),
("3807e7fd-cbe7-412e-b18b-18e3e7260589", null),
("44233077-d431-4b31-862b-4b905e2bc267", null),
("6a9312a3-c81a-4d41-86b3-59337ee783cb", null),
("3f000760-48c5-4584-8f54-1c6ae4258fcb", true),
("d901138d-e254-4122-82c7-af3e419bc9af", null),
("cd8873ec-217b-4e6d-ba7f-e13f9c96fa22", null),
("70b38adb-ce64-4cfe-ab9e-e985284bb830", null),
("e4309766-8611-45c1-8e0e-76a0cf223a29", null),
("09fc724d-1854-4131-af58-1fcd98e731e5", true),
("795e8dd2-e524-4257-ae93-71feb430af84", null),
("5420da5d-dfe2-40c9-a19f-8e861eb01794", null),
("af3ea270-2e63-4154-87e3-941267deb1f3", true),
("19371e57-5897-4fd5-bdb3-08a0d77c4e50", null),
("65b60dbe-7bb3-4d24-b9d4-0df54b69348a", null),
("0afe772e-b05e-42fc-92db-f3bd2f1d27c7", null),
("3e1692c8-2b3f-43aa-82e9-fadac9da7cc8", true),
("60a3106a-192a-4582-80e4-78e1b1b449f1", null),
("d6604bab-2f4a-49de-a19d-ecf7f19dd8b5", true),
("1ff3de54-cfd1-4507-bb47-6551f37aa808", null),
("94548803-2902-4a56-a8a4-d56d4afd6c63", true),
("f1870499-696d-48ab-99af-394352a6d98f", null),
("fdb252ff-0568-4ca5-bf84-a603f75b9dad", null),
("b318ad6a-7129-4950-b27b-d99269643b3a", null),
("0db8bc80-da08-4d01-b0ce-f305d2e9f27b", null),
("dd3df2b1-f507-4b4f-88a6-bc80660cccdd", null),
("2ea6d4d7-2100-4258-a96c-7c732382b59a", null),
("88696668-efba-412e-aa5e-c8a3e95dad66", null),
("1c314724-4c8a-4bbc-b439-9c723f87f06d", null),
("2342347e-fd8e-4a9f-8e9b-c68a493ea032", true),
("ab4b78d2-4347-40df-92f0-9bf807eef8d8", null),
("929ded93-5769-4fbe-84dc-1a64ecdac5ea", null),
("3d900bbf-2f7c-46a6-9c31-f7334876845b", true),
("81213f2b-1ce0-496f-adb6-96739cc0c5c2", null),
("3a366f39-e1f2-4753-8b22-f203f5808cdd", null),
("feba600d-dc4f-4563-84e1-483c2f9c5f10", null),
("8451b422-e3a2-4680-9a1d-c3b48e5fea56", null),
("9b5409e8-1ee4-434a-ad61-ece084eda75d", null),
("96e86a9d-1747-40ca-9b4a-3a21fb0e3250", null),
("a702c88a-beec-4dd7-9014-c7771e92d63b", true),
("8ace1d93-8bd8-485a-a671-fabc7009edff", null),
("0cafb23b-396d-4b1c-b3b0-e8fc802a7f3e", null),
("b3326508-48d7-4be7-b957-534e2955fb96", null),
("ed2cc809-b360-4d49-b669-c0dd5482ac93", null),
("3d537435-43f7-4ceb-9964-fe44d39b6c07", null),
("ab5cb073-ce64-423e-8fad-6f906fcf1298", null),
("6ba4da80-3dd4-4d58-bed1-492027c52053", null),
("a018e387-c650-4443-91a9-e606bb4118a3", true),
("b9743685-57f8-4981-b509-fc1887a43460", true),
("fbd1ed8c-09e3-4d2b-a0a2-f3027fa596c2", null),
("591bed37-c29b-4c9d-8fa9-061e4a0da91e", null),
("1b9c1a78-9fa4-4c8d-bc5c-892e25a27d3c", null),
("d313585a-f430-48c2-9d6d-4f083bf03b10", null),
("41f18491-113d-4770-84ba-92e1e1cf6db6", null),
("ae2a060d-caf9-4a5e-ac07-8aa5d45c5413", null),
("0d9581eb-ab78-4ef1-849d-ab96a7458ed0", null),
("4b285f67-e690-43df-aa4a-e2f65ba0460b", true),
("b2b0aeca-b2a9-4a74-9ac8-f30a1b20678f", null),
("938964e7-8a07-4376-a67e-997990e2706a", null),
("e752e870-a037-495c-839b-0e7ac2f2fa37", true),
("93a7ef3c-4e98-4ea1-a77c-7752460d3f73", null),
("9259365b-ffb6-43dd-84d5-e2e2c8066e53", null),
("85f9e291-4b3e-4d21-b5b7-b7ed20e7678a", null),
("988c88e0-22c3-4b38-a57d-cb66b65a1ab6", null),
("417764e1-95d1-4e77-bffe-a4f68d93fc74", null),
("db09b2d4-b8c1-4e6e-9d14-a81ada4d50cf", null),
("82385dbd-d107-419f-ba7b-7db60e389748", null),
("ce25a3a9-c67e-4d5a-a5a9-212e9b17985d", true),
("ec2ff07f-ed28-4dea-952e-a7fb43560a76", null),
("c9ed3add-a1af-4ed2-8a24-7d16d14de4be", true),
("27e05844-21b6-4a94-8f20-ac79d9943a6c", null),
("17efe4c9-ae9a-4979-9790-ce186f293d12", null),
("4d62c8d2-2c3e-407e-8da1-e2d4729bc308", null),
("db946bbc-99d8-4678-92a4-4e9566f337db", true),
("5c8a4ca2-b9b2-4e79-8eb9-fd33851420a7", null),
("3904fd41-52b9-448a-a923-6dd6f4211756", null),
("33a395ec-d9cb-49db-b313-b3a8887e70e2", true),
("07b7e45f-2316-4100-b0c3-06b605fb1f45", null),
("17cf0612-710c-4b04-8b55-fa383c971aa5", null),
("f5ebc108-5023-4fe2-9c73-bdd75a6c8427", null),
("1abd7cc1-3db0-4174-98cd-b33b0146ebce", true),
("77d3dbad-50e3-44cf-88ed-735497c31ae0", null),
("aab47a81-fc10-4e88-b4e9-4e455791e0b7", null),
("b3daba4e-86e6-471a-993b-d0923d2ff147", null),
("ebdb8c75-9fa5-4a4c-b0df-b6dae38ea155", null),
("e63f2f76-9308-4e18-9076-3dee06a3349d", null),
("f3c47ffb-6585-4177-b1c9-1a55a0bc629d", true),
("ba60260a-b67c-49fb-949d-6e159d9ac884", null),
("257cb7db-2b6a-49c3-b9af-c1dbac8901c7", null),
("7e534957-a449-404f-a7f8-38b497093330", null),
("1f525369-30e9-4e29-92c3-3b14bbf8abd2", null),
("6b21baf0-413d-4c33-a642-6a222b9f743e", null),
("52724a07-a818-48d5-a1d4-1a9cdd6fdb1c", null),
("0f2a11e9-8144-401a-9bf7-3003599400a6", true),
("12c46fcc-040d-44ac-bf36-4123d69c798a", null),
("283dd00c-1b3d-4c34-81e6-4324ae0e3a95", true),
("c245a993-138a-44be-b540-a379fd648941", true),
("64ffadab-a725-4ccb-9450-e4ce7967741f", null),
("0cb59bbf-d870-402e-855f-51cbd9942acd", null),
("c80d833f-e18c-48c7-b8c0-d7e8a84380b6", null),
("d3a6ddab-c689-4f6f-b141-18ca43368cba", null),
("80f70e51-102c-411f-9c50-40a4829aa277", null),
("994a762a-cf5f-4b0f-a5bd-7298b8ac50cb", null),
("f93c8b75-6a2f-4e91-b0f2-2aa0e57cb582", null),
("2058353a-c8e3-4e79-a970-7f9ab1199813", null),
("7b8589b4-5b99-47e0-b006-e2075b95df7c", null),
("7e52c61d-1611-4bcd-9450-53e2ad14cbb3", null),
("568b5b3f-15d6-4a81-b3c2-347dab5d4493", null),
("aeb7707f-41a2-4a2e-9330-8416a2b3ca31", null),
("4797fe35-4db8-4815-8b00-fca1a19c9296", null),
("8270e777-ebd7-40e9-813c-dfc9eccfb5c1", null),
("6b6a5af6-97d3-4c0d-936f-d08215a59df6", null),
("54a9bded-0fb0-430d-a1df-9720a8078bb8", null),
("b4179935-6861-49ad-b42e-944c70fb8ebd", null),
("265e9649-9a59-4e0c-b662-2dd57f91a22b", null),
("dce10ae0-1929-40b9-aae6-4bc9feee9ffd", null),
("fe24275f-cbc1-4c69-93bd-32a29fb7c277", true),
("d63d30a6-014b-41f5-9d14-a5b9477ea7ef", null),
("e8256ca3-a04f-47a2-900a-5ba9fadb135b", null),
("08dbcfc9-6d84-482f-aed2-ec1ef4a37849", null),
("f1cdc0b2-d22f-4be5-a3b7-23b5aaced28d", null),
("954a7e34-1758-46c0-8f7c-898a98995569", true),
("aab661b6-be5b-4b36-b915-21f50f1eefd4", null),
("814d40ed-9a48-4c14-be84-3669746c1853", null),
("105091a7-aedf-4ab9-a092-48d9cfbdbe39", null),
("0a81f85f-3526-49a6-97d2-244f0443c8e4", null),
("190cdcc2-834b-4010-b1e0-8b2549f04f1a", null),
("49285bc0-c89b-447e-8121-6ba6f21b6bd6", null),
("8a987e6f-f536-477d-b15d-cf8c512f7417", null),
("623b78dd-9e5b-4411-885a-060ad7bc6177", null),
("11925cda-4e92-4d6f-b8d0-1c059076eb6b", null),
("b9080cf0-7c15-47e3-8b39-1a58c137d925", null),
("cd356249-d67e-460a-9bbb-75738f580518", null),
("fdb790e5-7bdf-4163-b929-3424540e5dd6", null),
("82aa13e5-8061-41ef-8c8f-929bc48f1e9e", true),
("00c71487-ced5-478b-8979-b4c81370f5a3", null),
("b64d7567-f2ca-42ff-95ee-0413e2ebbaef", true),
("0988cf7d-d622-4e5a-9ac7-12f401d9f8ee", null),
("ed9983d3-af16-4f1b-b650-412cd9f3a34d", true),
("c58351c6-de0e-45cd-9507-ae563b50f8fe", null),
("0b4f6004-b93f-4c94-9a8f-3be25a2ebc3a", null),
("aba9b0bc-9ba3-46d0-ba09-2c0849d1a1c5", null),
("cf9f99db-362c-4fcf-850b-f8bb3e291e67", null),
("a2332ad5-44b3-45ef-86a4-03fec9382dcc", null),
("b4180906-6127-491d-85f3-d93b86d58ef4", null),
("dddb242d-ebdf-4cf1-a720-24c544727fea", null),
("1f7660fd-ee92-4532-93ee-62b43c06ff80", null),
("8f94c80e-8450-493c-af76-629f9adffac2", null),
("f118553a-1b50-4066-8bd3-2ae37eac1b3b", null),
("2c54b0ed-d941-4f73-8d77-47eb5fcfb14c", true),
("4ebca146-683f-460f-9c0e-f25d5803e844", null),
("5ff086a3-4769-4160-bf6d-ba2d2e47b451", null),
("cd7d9106-cd3c-4aaf-b29a-8fcfa28fda08", null),
("96906683-d280-4edd-9a6f-e4c21c0ab372", null),
("4de0a57f-b1b7-456b-9a4c-b0d436b8d375", null),
("b5bdd4e8-5853-41df-afd1-a83fa3383b3e", null),
("0bb700cc-97c5-4e3e-8a75-3ca924ac4dd0", true),
("c570c1af-3355-42ea-a9f8-33296f87eae4", null),
("1f599c4d-04c0-4d98-b9cb-1be38ca81bf2", true),
("046efe1e-9b89-4c93-bcc6-d1db7c34a574", null),
("f3b596d7-9da9-4137-b121-64abebd13465", null),
("055ad12a-dbf7-4f6b-aafd-1010536daa77", null),
("d404099b-0346-49a6-91a8-a800af75c8e9", null),
("d8f10283-4632-48a9-8d81-9a396d96ae54", null),
("72b20f9f-09d9-4df4-b656-c8aaad8083a6", null),
("649acb77-eac9-4024-bbfc-08c5a598a6a2", null),
("f5bc5035-16b5-4ae0-8cc4-1b06a6272f8e", null),
("b8ae081b-76fe-420c-81b7-fca5bdec2259", null),
("5558f913-e6ff-4b59-b4b7-9173af8401ff", null),
("42fc0f3f-05c7-4519-ad2c-b46d6d1937fa", null),
("9efd64ee-9c7b-43ef-8f4f-8633a036332b", null),
("f95feaf2-b8d0-4611-aef5-1e55af0e58bd", null),
("9c1aa9a4-5a8a-4617-89a2-af32f83c8e20", null),
("85c53d9a-adf7-464b-a15e-0accc6bc5676", null),
("32f72199-4b52-479d-96dc-ee9e323878b5", null),
("5d32d01f-d676-4ae8-8e0f-1972f92673c8", true),
("a5933fa7-e09b-4b20-9b40-e239a4774c43", null),
("2db0d2f6-b642-4ece-bb93-727893682ffe", null),
("a58bac2f-1d90-468c-b438-bfd43f232893", null),
("8a5bc50e-da15-4296-866b-82a9553b121c", null),
("1303ed5c-6cab-4a5a-a752-6e23ac57cb8c", true),
("906d439f-4fda-4a64-a369-946d5ec6b615", null),
("5d228542-e2ce-4450-9e10-036ee7cbddad", true),
("ed7133e5-b6ab-4a5e-ba87-79c6065f06f0", null),
("d87d9e77-d7fb-45dc-a08d-288645fb2ae1", null),
("ababfd1d-4ef0-41be-80ca-c6b2d48c3c14", null),
("9181f6e1-416c-46b1-8804-3defefe2f8fd", null),
("c238c4ca-5849-43e0-8249-ea79a1059bd8", null),
("31ff8468-dd5c-443f-a2aa-30339cf5f62d", true),
("bab8cca2-ceb5-4078-8657-4691abbaa3e9", null),
("f4c2e23a-9975-4479-941c-b9162b1d6e1f", true),
("0b11cba2-08ec-49bf-b964-e4d0970d12cf", null),
("4478bf6d-e9e2-48a6-b8e2-ea1a68da8c8b", true),
("6fc1a887-2d58-4d1c-babd-ad767144b90e", null),
("3326d249-ad00-4103-a373-5049ddc0943d", null),
("8981f705-b52c-41e2-bcd4-8b79f766455f", true),
("4f46b91f-8f31-422b-bad3-e9bd4ec7b57b", true),
("c70d9602-d7cc-49ef-a3ee-8bdf27a235ba", null),
("b31150bc-63bb-426a-a1c6-f6f922c90f2c", null),
("2842303d-36e3-4c5e-a8b6-5fa391a46028", null),
("6280b68c-3e2f-45a1-8fc5-e368818299d4", null),
("5aaec6ae-170e-4ce5-bac8-4697ab0bbd0a", null),
("d69d2d4b-c453-4fbe-b700-710e8fa25d6a", null),
("02a9e17b-5615-42db-a0e3-f39731cdef6e", null),
("b0fecc4d-9329-408f-a372-745ea8084e45", null),
("ba883ffd-8126-4426-8f32-6acb24f8f333", true),
("17086713-c4e1-459c-bfeb-0127396bf66d", null),
("d951af25-26d2-4338-8168-28a3d08a1eb7", null),
("97653ecf-13ba-4ee1-8e8a-8363fddacf1c", null),
("2f3b984c-6cd8-4104-9ece-7f630b335f2c", true),
("5ef423fc-a2f2-41f4-a076-7afe8b880414", true),
("8a520075-2bcf-431c-83a5-74a2ae3e1e81", true),
("63f66632-2159-45ad-9370-7b9d48f6d082", null),
("f13f348d-4ed2-4cf4-b3a0-53550ad7a01a", null),
("e58d22f6-dfd9-4dbe-a5a7-1acf46414036", true),
("0947eb46-72fb-4445-afd7-498a24655fb4", null),
("0076a853-b087-42d7-8c30-3bcf317cf3d4", null),
("c2db424d-b815-48b4-9200-383d7e868ff3", true),
("df499c86-62d6-4191-bd86-c04e262c4071", null),
("6023eba3-5052-4bb5-b8a1-6a961c597f9a", true),
("fd5bc9ca-8282-4d69-9f97-5f43a782ec2f", true),
("54e554aa-b45e-48f1-bba3-9e363924c87d", null),
("9db68f4f-6160-4784-8a4e-2e9401976f4a", null),
("c990342c-f080-4e91-b18b-19498c826baf", null),
("454a5b4b-eb4f-4712-9430-dc98da052b71", null),
("c199296e-6b59-4d3c-8179-0e1b91a456e3", true),
("ec99e845-6338-4918-a738-5761330dfc8d", true),
("86fed920-ff6b-4a40-ba34-aec4461632cc", true),
("191a8d40-4db2-4f8d-83bd-7716e850e6b9", null),
("12dcfa75-4ee0-4cc3-9265-533b14ade2fa", null),
("a7b44768-71d3-412e-88c4-2e347e03588d", null),
("8817dad8-89c2-44e4-83ec-ec8789284596", null),
("4c53a17c-f500-412e-ac35-563ef27b8af0", null),
("7909f6e6-73f6-484f-8b3b-05e19fb0ac15", null),
("72780a0a-5914-457c-bcc8-2a75ca5df54f", true),
("72c63a27-2555-421f-8bc2-90d61648be3f", null),
("3b359221-3e0b-4f96-beab-837728bbd39d", null),
("3ad9e5ad-8f95-4d51-a86b-ee89f5aa0b95", null),
("786e8c95-407f-48a1-b1d8-704ee786a69d", null),
("257c876c-212f-47a4-bd18-262c4c9bddd2", true),
("790eb38e-c274-4634-a904-01b15fe47faf", null),
("9b6e03b8-77e5-4f57-978a-a9b9f2845b30", null),
("81a72513-7ea0-4e23-a395-16f079f1cba3", true),
("954160a0-9ece-4a0f-a87c-e4586b99854a", true),
("100a2066-283c-48e0-b551-1c9b3164f4a0", null),
("39524ee8-de12-4a7f-8a9d-4b277c64a61e", null),
("875d3b99-c5e0-4b90-9040-1d0fb97122a1", null),
("a868d443-1b53-4dff-81da-54da903bc367", null),
("4fca65da-6bcf-4230-b0d5-35d1f2b43c51", null),
("42131475-ed28-4638-852a-06adf6b9e99e", true),
("b2cc8558-6c09-4bef-982b-efe2755ffd45", null),
("b39bf719-857b-4e62-b902-7fdef3458f75", null),
("d3a330ed-dffb-47da-970a-f4ccaea631c1", true),
("ff8dee95-7c90-43d7-a8c9-d50447dcb0bb", null),
("3504470a-499a-4a81-87a5-77002a07c6fc", null),
("91b6de8b-f496-4676-a3dc-62300ecd1e4c", null),
("e2c5b6fd-dc41-4c1a-88e7-249ce7ce5b41", null),
("50af0bce-16cd-47bd-92aa-52a9b685bead", null),
("48cdd7b5-d664-4051-a604-13b0170542ff", null),
("48993eb1-54b6-4132-bb17-03e31bb40ded", null),
("6c138683-cce2-45b6-ac33-01d9f3743ecc", true),
("8320aa90-b6fd-4f6b-a856-f8e156bd8476", true),
("497a1e2b-40eb-4ed2-a684-8ddc192e7719", true),
("915b27f9-aec5-4e87-99ff-76818840ed6c", null),
("55fac1f6-4100-4c7c-82fa-9ec29e71ed86", null),
("f9378f43-2a97-4aa1-9305-8b3df6b2611a", null),
("af61f002-92db-443c-81fa-752cc98eb468", null),
("c4700b81-65db-4b76-be31-1486f5a742b9", null),
("99fbf02d-b805-46aa-8ffb-1c3dca01d058", null),
("e6993260-1fd7-4fb2-8b34-4bd958442207", null),
("9b8e7e53-a3cb-4b3f-b3f1-695a8dfb43cf", true),
("24f9f725-b34e-4b7f-b762-3815aef9597a", null),
("4f64da34-f554-4a5d-ba00-bd93d84f1356", null),
("c74bd1f2-bb1a-4bbe-8167-ee2b88c8ff6e", null),
("6d494b79-b2e0-42be-9748-7c3bc21ab5b5", null),
("47456ea2-da60-4f6b-8d8d-34d5d8d828ae", null),
("0f2b2672-6d8b-482e-bc4e-d63fd08da91c", null),
("935d0331-1b9e-4aa9-8ef2-414daaec209d", null),
("39943cbb-bf1f-4aae-9440-b5719a0a72f8", null),
("c5f5ce3d-1445-4b56-92fd-dc361bf56246", null),
("22b8d811-a2d6-4c4a-9857-e4a3e888a5a0", null),
("1676844e-31a2-4224-859a-fa9dba30cb6e", null),
("8c918486-d8fc-4493-8af1-905abf96d027", null),
("e01b1aaf-502d-468d-b01e-09930be5e3e7", true),
("76caf2a1-eb74-41c9-a0e4-6cf733a869ff", null),
("47e4c162-15b9-4ba4-8d31-e5555961068e", null),
("81d650d3-8697-4768-9e95-01428c3afbc8", null),
("18d59022-2993-4063-8476-00ec802e41bd", null),
("91dc0f52-5021-4da8-914e-3b213eced895", true),
("afdef614-0824-477b-8f06-7df68440cb0e", null),
("febcebe7-6a09-45a2-b481-0d69d5206545", null),
("191d5573-282c-4cda-a151-1525e9234394", null),
("901937d2-ecbc-4259-a596-5f0d33f298f8", null),
("9646ecb1-29bb-4ed4-922d-ee4211eb6588", null),
("84a41d01-b270-45a5-9723-d3bd5911be73", null),
("b5fe6d89-804d-4559-82d4-35fd9ca15794", true),
("68c85ea1-5f22-475d-8d08-bbb394ab05f2", null),
("7f95809f-1dd9-4158-84f1-f608f0df8317", null),
("58a4644b-efc1-477b-9558-b02f95eeb842", true),
("1868845f-e00d-4283-b84b-ae91a3977ce6", true),
("23f7cdf4-4e79-499d-90d0-50117b8b0302", null),
("2ae499bf-81ab-4fb4-9f72-3f28b042383e", null),
("b14708a5-fdc2-484f-b352-398eebbf46fd", null),
("97b022a8-e961-41a7-a341-644d84c9259f", null),
("09255bd1-120f-4d93-ab25-ccd143e83bfc", null),
("117faa55-2fd6-4a6e-bdce-d14f340d0203", true),
("a81eb9e4-d7cb-4c21-a4bd-214ae41ca6f7", null),
("aa17839e-d994-43af-baa2-2c7dc63eb3c8", null),
("6a447e40-d138-49c4-b1b3-543f3c2e3587", true),
("bc17fc14-b594-4308-bf1e-75015377002c", null),
("738f843e-e0cf-4a58-b6b3-49a2f92fd51a", null),
("e5a74b98-3d64-4756-b484-ddef9765d59d", null),
("32f003c9-14a6-4074-881f-cafcb6f0dede", null),
("dba2fbec-0e76-43bc-8c2f-5df5f27dce69", null),
("f8f05016-f4df-4a73-998b-cc545a9fea94", null),
("a25fb5bb-c836-4889-b777-cbc40f3d7896", null),
("ffcee6b1-0243-4a38-8a44-beba361088b5", null),
("7df6fd1a-29f8-40bb-af57-30999c86961e", null),
("eab0081b-aa7b-499d-8d87-f84f8f111700", null),
("ab1541e4-165c-4eff-8af4-3b907e2de0ab", null),
("255662df-affb-41e4-8c32-ceaf2e29b62e", null),
("d44de89c-ade8-4a96-b82b-ac1c554bc1eb", null),
("020ae846-79f6-4f24-9b7d-eb4f975477ed", null),
("4fbf8bf6-0431-4570-8fb0-6caa335f6d77", null),
("cc40ab18-ee77-4e52-acb6-83dcbc13ceba", null),
("f47f048d-59d5-4c1f-826e-6e665dc14436", true),
("3d8441cf-bfe0-4740-991f-01d077eaedcb", true),
("822ba520-aae5-4828-9fc5-6e5ca535f17d", null),
("c7957940-cf8c-479d-857d-9a2c43fc17ef", null),
("4e0a335c-73a1-4535-9ee6-c1d34a8e40fa", null),
("be998a51-af92-494e-9af2-cf06f9b0a113", true),
("872e89b4-1af4-4f7c-a018-d3a3e72a4482", null),
("dabf2280-fa8e-4e92-be74-769c89351359", true),
("3a182a53-7038-497c-82c9-1658ced70cf1", true),
("5b3dc9ae-a81c-4961-87ac-ca36d03a124e", true),
("58207b57-c061-4f50-a447-342c859a2f61", true),
("63bf30d7-f109-4d88-9e86-6096ad8947f8", true),
("40fb0235-d348-413c-8ffb-36b25db4dfa9", null),
("9c95bddc-6aa8-4d80-881f-077556d2a3a6", null),
("a79a1bc0-beb0-4c7c-887d-23525016ee0a", true),
("91183436-882d-4094-9d19-7abd25958c80", null),
("e3b83b74-8a93-45a0-b595-49befa389608", null),
("6e2a6457-0aa8-4b28-92e9-f9202a7ba6ba", null),
("65842438-e406-4bc6-ab39-2c348ced918d", null),
("7fed5c79-6808-4323-9f38-bff0ccc3ce5c", null),
("5038de1d-253b-493f-89cc-e3520746c034", true),
("39897571-97e0-4c5f-9781-c8e033f24b7d", null),
("fe0360ad-cdac-4a51-bce5-36423e53e949", true),
("29d4ba42-2575-4789-983f-aec967ceb689", null),
("6d592193-34ba-4dea-915a-24e0b2728456", null),
("bdac44b5-8aa7-4d84-b4e4-9ca037f29c00", null),
("9451b750-c714-435b-af5a-d0e54f06d251", true),
("eb6b3f10-8c67-46f3-baae-ee036dded218", null),
("6b9c7fe2-8959-4ea5-9ef5-b35711df350f", true),
("eaad97a0-3ceb-4820-9fed-8669d29f7d42", null),
("6ea5f417-b6d9-4d23-8bf1-a7d3d9ed3e35", null),
("ff1c9346-3dbd-47e0-9dcc-49bb15b01a4a", true),
("7de608dc-990d-47d0-99bb-b5071cf2f28e", true),
("a92ec096-d3e1-433d-ba02-e6a9a6cb2cfb", null),
("454c7c1d-d52c-432c-ba4d-e35b7d9f0f76", null),
("09023c9c-b9fc-415a-a61c-68ce734735c1", null),
("d9cecbcd-8c26-4dd0-a0c3-88e9d7308c1d", null),
("af1fa064-6c4b-443c-8a38-3287c0f76b08", null),
("2f918c01-36e4-4a34-b9a1-fc212d3aef93", null),
("e5e47951-8143-47ff-933f-3f32c0b113cb", true),
("bb39b3fc-bd2d-4deb-ad79-254c282b3483", null),
("8b0b90db-9225-4524-b55a-7726bb742e1e", null),
("bf19f680-b950-4b66-8ded-d8ba1e05a742", null),
("bf8aa687-8966-4d61-9228-3d196e241dd9", null),
("eab601b0-4bdf-44f8-8522-72a3b07a34c2", null),
("664ab68a-fd61-4dba-9de2-4bdb0db32917", true),
("f78add73-8ca9-4e9a-a2af-28b4b96e8c7a", true),
("56c4853a-3d9b-445f-bba0-704b4623c0d3", null),
("5baa5914-8cb4-4ec3-bd6b-16a6ba8b7ab5", null),
("7dd5f69a-eb22-4d2e-9ea7-e5d49326d2d7", null),
("9572bcc0-ef65-425c-b55b-3ffce22fdf7f", null),
("4d5abb49-3aa0-49be-9a97-b4253cab0014", null),
("b3dda4bd-b800-4ad9-b83b-236e83c36689", null),
("c18365ef-eb48-428c-b895-a5d9d69f96bb", null),
("1b93ef1d-0f04-4cd8-a23a-382b6bf1f4bd", null),
("cd74bca9-3412-4e55-9a60-78e8a32877b3", null),
("4d1be6dd-a86a-449c-a4ed-988c630cf33e", null),
("84517277-c432-42bc-99e1-76ac28e1637c", null),
("858148a8-82da-44cb-bc60-93cf43826010", null),
("906e66f1-35b4-449b-bf8d-1ebf2f3bd4b8", true),
("8ca03256-b1d3-43ee-9d7a-61a3c67e07d2", null),
("153f0c6b-c36f-4677-8186-d5b58d3e8bb1", null),
("c6426ac5-b33b-4cd1-a5b7-d904cdcdaf29", null),
("725b81e8-f1b0-4202-96d4-a261fd785746", null),
("b8f2a0aa-6052-4687-a141-8675b1e8bee4", null),
("456077ec-566b-47eb-b7bf-5b0eaef50678", true),
("11057eb2-52b9-4b89-9d36-0b724b71e97b", null),
("ecdc0f17-dd74-484a-8f28-93c33e9c1b6d", null),
("ea6eab1b-05ce-4001-b106-f7f99d613fed", null),
("b11bfb89-5cec-4bd3-adf8-e8d1b6ad051b", null),
("390f9d6a-3f0d-440f-b62a-0b19989c478f", null),
("59a66e15-5990-4cbb-b24a-ad191ab05d20", null),
("2fedc6fc-69d8-4333-83c3-c29a83d62d9b", true),
("faea451f-1194-47ba-9f6a-f99332ca0d2e", null),
("87aa7caa-0aba-4700-8de2-6983296fff20", null),
("f6f17c74-ab6a-4513-87a3-eace625fd3d8", null),
("5a3680fc-eb87-41b3-b85e-8dcd1557fdd2", null),
("b56dea5a-120e-43c6-8fbf-df63287fb03f", null),
("6cb06afe-e4e4-4147-ba20-09d73d26daa2", null),
("ca0a369d-0c0b-4741-9f7a-13de40c433c4", null),
("5dddd883-bca2-4cc3-929c-aa805f89c3bd", null),
("33a3b9ff-1467-4fe4-ade8-4ed4177db1a7", true),
("fb5505c7-e8d7-4d8c-b855-448f77a4fa91", true),
("71e49792-5cb0-4bb2-a79f-dcf05b203214", true),
("e1c5a5f4-436c-4c50-8006-5582079941a1", null),
("f6d19d64-99a1-49f8-a43e-1ee216e3b95c", null),
("aeaba249-4c2c-429e-9a32-2f59d7acc001", null),
("b468e62f-43cd-48b0-a2b4-5e8c652e3342", null),
("e06c7eae-4153-426a-bfdf-b4c200f49399", null),
("959135c3-81f8-4c7d-87eb-01ef987a356d", null),
("52d5e8ef-89d7-4267-8df5-d23c17c54b1f", null),
("b1e20843-1da5-4a5c-b70e-a1571b8ca38b", null),
("0ed59153-6163-44cc-820f-eaad5b609de6", null),
("39689c27-3078-4e42-b2b4-0c09dff83ad7", true),
("d7ba9ad1-45ec-4dd2-8cdf-7adbb2458460", null),
("30595316-8906-4f36-ad10-3042fc3a0867", null),
("a9554c8b-76df-471e-8a25-9bc31dd916ae", true),
("52eb7e95-6d24-4e4a-958b-42f70729b019", null),
("855846a1-5b1a-4307-bb79-967327b8d121", null),
("d927818a-e5ab-4ef7-825a-86ffc19f7e6a", null),
("2a962e8c-15cd-4ef3-997f-f717d34f392d", true),
("8bb95715-284c-475c-8529-b130cecd0ce3", true),
("51934e67-f9b3-4dc0-9b41-bd5d6b49d5a9", null),
("dcc35c96-b523-42df-a082-133d0bfbd0ae", null),
("264efde5-a5a6-4418-ba54-9a2a2f709515", null),
("1b5dda88-3f59-41a1-9980-518104639702", null),
("f6faf626-9e3d-4364-afaa-eaa0821bb50d", true),
("cf1c0c76-72ca-419c-b244-a48898f84da1", true),
("c6fb36d2-59da-4c52-bc67-4473a093727a", null),
("84d9cf1e-e24f-4de8-8aac-23ec92388fc3", null),
("ba3cdf1c-e2f0-4260-b9f3-e42e279f684e", true),
("6b738651-010d-4709-bc87-72201246aa9a", null),
("abc12fdc-5553-44f3-881b-abfa16527d61", null),
("19e99916-3731-4052-8cfb-88c900d629b5", true),
("423a5e6c-ffe6-4832-8f46-e6d389df12c6", null),
("bba357f6-a2f7-4583-b8b3-ccec4103bd41", null),
("e8d9a68e-fa3e-4459-adfb-ab9c14f2022b", null),
("2f6eaef7-4721-4602-a956-da87d45c8834", null),
("83891cb1-4dad-493e-936b-d7d68b0dca08", null),
("95aa9264-b00e-45e1-acd9-90f3dd289ebe", null),
("1b96aa4f-92e5-42bc-8e1b-0d881da13b91", null),
("d3836728-f1ac-461a-bdb2-d31d7a3ea43f", true),
("fbd85fe2-0459-4a45-a716-d293a26a5478", null),
("54fc7e48-ee38-43d6-b9b1-d1edaed56383", null),
("97a0ef0c-3beb-4ef4-a659-05336bb908de", null),
("d333fee4-124a-40d7-856c-f33f05320ccd", null),
("6697ea20-b718-44ff-b174-382470098fb5", null),
("50e8568d-a405-4e3b-bdae-156541491bf8", null),
("0cadf0b1-2e46-49f1-9f44-6d000659be89", null),
("2d2db6d4-3013-4954-9feb-06b7759a397b", null),
("e9806da0-2315-4d4b-bc45-ccf170148b46", null),
("90926131-3fea-4067-bf90-ff11cf99e585", null),
("76f9ec65-7647-497e-8312-7f77bdd10f1d", null),
("7663903a-b2b5-4d85-9854-a02e93e0f0d1", true),
("dac6d383-dbfd-42b3-8290-219f4a3c68b0", null),
("0c3f83ad-d4f8-4350-8355-5a583c52404d", null),
("e3f31e9e-0d5a-46e2-a349-2d846fca2099", null),
("c3e04270-e1d1-41b9-86ba-4bdb6f689449", null),
("594f7dd9-e7e5-4528-89fb-bffbec6651f1", null),
("e398680b-6fa7-4345-9945-3b0b5534932c", null),
("81410a62-b1b5-43ec-bd91-7b571ad13bcf", null),
("0b2a593b-36c3-495c-b2da-43b2929a926e", null),
("0fe066a7-1296-4807-89f0-03d7a3585b9f", null),
("d1a6d451-3e86-4c9d-8c86-dfab79cecae5", null),
("131f4956-f5cd-4e78-8e36-594cde74528d", null),
("1ae98f0b-687a-4004-bd0c-9deebac1ace3", null),
("147a55ff-52fd-4ad1-a1fd-6d8bcc5d448f", null),
("56c4cb0b-c5cd-41f1-b7d6-b196c1f9b40c", null),
("3a58a82c-0771-46b4-8d0f-9762592a6c17", true),
("dfcec95c-d46e-4d4a-80f0-203c2d334f8d", null),
("e08ca1dc-3362-44fc-9a87-d2bfb45fa147", null),
("9a966512-6022-494e-baa2-d21d54686230", null),
("7484a928-7ca5-4922-87cf-99b2e791cf84", null),
("918e9e00-e6fa-484c-89ca-65b12dc5a7a5", null),
("c9523e6a-523c-418b-a105-6f2d2fd7fff6", null),
("7bc834c1-ca2f-4ccd-be2b-97f7e3defce8", true),
("ccc31039-2a3b-4602-ad88-9830db26954f", true),
("1b068622-a9ac-4dec-80f5-9adef535ca8a", null),
("e5fd8c20-9e67-4464-8ba3-ab3506898388", null),
("a7ec7781-4e16-44a1-81a8-5b09d4c71d3b", null),
("8125d976-4a60-495b-8ae6-7f5cb2f8787a", true),
("69c8cf93-7f05-4278-bbc7-8a8529ebe360", true),
("1e09499f-4834-4eec-89ad-8cfca9c8cd14", null),
("f7736588-37e3-4eec-97fe-49ecbed0ff79", null),
("5ecce428-75c7-486b-a338-7b2fbd041146", true),
("6c7d8257-d6d3-40f3-a9d3-ab764c3fc6dc", null),
("b890cb90-bb37-47b8-a1c3-e2d8bdd937bf", true),
("dce9bcf0-7c07-4132-9bff-7a1cd3e4eff6", null),
("c5e8dc4c-8741-461b-bbde-765ba3680504", true),
("108b238d-3e54-4003-b4be-e1aa4eadac27", true),
("58fb1985-47c5-483c-86f0-3339b4fb7efe", null),
("9995b895-036c-49b1-9f4d-15060ce6622b", null),
("854de987-51e0-413f-96a8-cc8334cf1d48", null),
("c40bf60e-8622-47dc-92ea-73d01df1a082", null),
("293d32ee-c757-4e8c-b9c1-83328ea69063", null),
("97e22d3b-eb23-4dff-8e66-91a1f23d1c96", null),
("13f97312-96df-4ad9-96c4-e6516b7ec627", null),
("8f0d7b2f-45e7-4fad-8d49-67b28d07a285", null),
("9976d5da-cee3-4949-b279-64de5e9515c1", null),
("216c5925-459f-4668-9cbd-79d85fb522df", null),
("77293498-c2e2-42f9-8863-a6108ead0e8e", null),
("566a953b-9a33-488f-9733-f534df26f828", null),
("d7ceeaa2-2723-494e-9f53-0ce17dc63319", null),
("326ab107-6c25-4543-ace8-2d80a87dd63e", true),
("145589e2-bce6-4b2e-9bb4-8b5c98cf7c37", null),
("074da050-fba5-4488-9a45-1c637865df3c", true),
("d4a7d254-dddd-4d07-a77c-0ab52d832f05", true),
("89471203-48c5-40b2-a4d3-e6b499e9ad7b", true),
("0a13a84b-c504-47c4-bbc9-53d5a70c59b2", null),
("5426491d-4296-454c-ae70-b23a82c5614e", null),
("90e25237-2650-4dc3-83a3-1f9057975718", null),
("5f351167-93a7-4f8f-b673-961e6952a11f", null),
("03b8475f-9a64-4523-b12a-bd610e79dbf1", null),
("a83d7d48-0047-4d23-ac29-48610796582a", null),
("3743021b-25fd-4182-a212-ca72ac0c1c68", null),
("bee69c32-1da8-414b-bb1a-199eeffd3b38", null),
("a8862c70-c24f-46c1-be93-acb37483a404", true),
("9e5eb95e-f89a-4585-b421-37455095db5d", null),
("d845dbdc-f282-4041-aa3f-c84ab1b8825c", true),
("aee5d381-36fb-460f-80b8-bddda901a1b7", null),
("875ecaf7-6895-4fc5-a5a8-5a4e30c890bc", null),
("415d860a-4b9d-47c9-9710-cf4d2a089959", null),
("e38092cd-954f-4872-8a86-dbe9e325b4f1", null),
("512befd2-a123-4b4f-8913-a7eb1910a071", null),
("964312e8-f29c-4ea3-8599-dccfc22d6c9d", null),
("3e960405-c587-49b5-ac6b-5f8395586ad7", null),
("f5614461-0d7f-4e43-86e8-00e1d2b42a4a", null),
("94e6292b-43e3-46e9-a4e5-23eca0d12d4a", null),
("d98591c1-717b-4a5f-a838-a0814db0ac8e", true),
("ad5b581d-f3b8-4d8b-a14c-6a8b28f1d799", null),
("b4a1aa20-0ae3-4a06-aec8-5ab358a1c00d", null),
("714a9833-8e72-428b-a0f4-7e3e21375d8c", null),
("174bf976-d703-4650-b92f-ea12d24c9eac", null),
("995bef44-91a1-4437-9084-484db37fce7c", null),
("85c8523f-1935-4281-9c30-603076d7e478", null),
("b763e637-0e4b-4d74-b477-5bbe976303d4", null),
("86dc150c-8020-4322-8d45-ad65c61db868", null),
("606fc65b-7ba4-44dd-8696-1a9a0ba1b88b", true),
("b78e84f8-9d1e-42f9-98eb-25f59317557c", null),
("ad526d42-67fc-43b3-ae1c-9effe510c8ce", null),
("ea023569-42f2-4483-9a07-16ba4a286d30", null),
("820ad7ee-ef76-471b-8a70-95ef0c2e1ffc", null),
("643d7f23-849c-4223-a0d4-a5eec0cb5b14", null),
("3aac1a20-d9b1-4b7e-9cd6-836944a64a5b", null),
("f9532f83-a490-45c6-b643-cc28d1408439", null),
("e6d1d367-e205-4ed6-a0c4-0e31e8afaf35", null),
("da626244-9a09-497c-90f5-de58fe6c6b24", null),
("43bf5d4a-354e-4538-9964-136bf4e85ccf", null),
("16e2c019-f8fd-42ec-8054-715b5a2b172d", null),
("827f8014-760e-40dc-8bbc-f81491de7422", true),
("ef1c5fea-2f74-4d73-87b3-b07daebed769", true),
("300f82d0-ecab-41d5-93ba-9cacca987bde", null),
("6d510f48-7355-43ee-9493-2217606c2e4d", null),
("6777ec14-6722-44cb-8cd7-0c69cd128a5c", true),
("0b7e2d1a-7c30-4f0c-b8d2-13dd65b16727", null),
("43f3284e-e84a-4c22-88e7-2ea362194a8a", null),
("f6099a53-bc0e-4bdd-8925-e97921b9a261", null),
("513e7459-fed0-43b0-ad93-64bec180a1f3", null),
("08eaf34e-849e-4569-9513-571f3ec88e71", null),
("1b4aa328-1161-4d00-af3a-8f0be71c9d70", null),
("f78c1649-b134-4f8a-b518-2826f2278cf2", null),
("9997979a-a5b1-4eeb-93bd-41e00240ddaf", null),
("5e8f20bc-c9a1-4bfb-bb48-b76e6388a2b7", null),
("30151a7f-a9e6-4226-9d66-63df410fc434", null),
("710bdbb0-8081-4b4b-87c2-623947aacf62", true),
("7ab8741d-5305-42a6-9188-e93f6214f3b9", null),
("80b672a2-8a50-4b09-acd0-157364c1dc02", null),
("a11517be-f92b-483d-b6e8-41deb9433762", null),
("b53422af-b140-4c2d-92d5-175a716f5a6e", null),
("a40e5a86-9103-4912-8bec-42d61206c086", true),
("80ae8d39-2dc1-4bfb-a233-f55aa1d6e0dc", null),
("314cef3b-701c-40a5-ace6-261ec3a5ab22", null),
("132272dc-4192-46ec-9fdf-a8a398c4be2d", null),
("96e7c046-c32f-450a-b142-7c89e9de0bce", null),
("3222626e-505d-4bf3-ae5d-e0bc5941bb10", null),
("280f8c6d-9154-4466-a5ba-3f044fa0dc3f", null),
("363634ab-ac21-44f5-88e7-d36c629548d1", null),
("c651d9ef-d6f8-4a1d-bac1-6c61b0bc746d", null),
("697b07ae-96c2-4c90-b73c-7a48edde9c04", null),
("c549c7d2-c4e8-4b0b-83cd-a2b850ae83ad", null),
("0491944e-b0c7-4659-9a6f-5df7dc3417ee", null),
("812fe25f-dac2-48af-81c6-ffdaa082bf58", null),
("13a55a1d-f544-4271-9098-6b538ad57b77", true),
("6bc51898-0d1d-4953-b0b8-5c9dfb856582", null),
("bb6df433-f1fb-4ebe-ae33-b2db90ff4be4", null),
("d75a720c-2f16-4127-af77-a0d37dda8985", null),
("9bca03d3-c73b-4758-b6d0-b80b9d44d6fb", null),
("ad58c511-a37c-43e6-a3b3-d277d49d3b86", true),
("46f23d15-560d-4bb8-aebb-fc233c683ddd", null),
("0047e132-d934-4716-bcac-8757288f39e8", null),
("204d703b-c229-44df-97e4-b4d638bd7fdd", null),
("7480a93b-168a-419d-ad8b-88244c385365", null),
("027f58ab-3328-430f-b8ba-1c76b2b2bae3", null),
("cd207058-2aef-4d84-9db7-4f1e785fc073", null),
("d9097e87-64b7-438a-a59b-8056659121a6", null),
("ed0b130f-6dcc-4d12-8b71-8968b614c51b", null),
("18e84329-b938-4bcd-bd39-9beb1adc6e80", null),
("35677b9c-3d04-4d73-b722-620752ac7f01", null),
("31a42d33-2fcf-43d2-88fc-15246cee3317", null),
("da4472e4-6f4e-41ec-99e8-97c889b58aa3", null),
("de921151-33a8-4483-94ff-58583cc64cdf", true),
("8260d124-6fe8-435c-8bd2-be307e866e2b", null),
("6c91b287-68d8-4cf8-9dae-1b0e30cf45ed", null),
("a530086b-ae55-4141-beb4-d5b196d150ac", null),
("5d26d36c-2c09-4fb9-b379-5c86b3715ed5", null),
("3eb1a251-4320-478a-91d3-83782c4351ed", true),
("c191cebd-9c76-483d-a7a5-65b2c6eb59d7", null),
("acaa39d6-edab-4d7a-a2f1-12eb52fd2a86", true),
("86c9ee32-7bde-4d98-a662-e8414dabc115", null),
("95e4d77c-0d44-4e12-b3ac-863f0e17e2a6", null),
("307e5610-1fe7-4e5f-bac7-b6de107b8208", null),
("cec45e2f-768b-4c76-b247-e1a40fcc13c7", true),
("a435917a-1129-426e-b24b-7b81276db7b3", true),
("3faf21fd-c92d-4123-ae62-033792d797cf", null),
("07d32bca-2f6b-442f-90e7-c88d312a2043", null),
("4dc66b4a-058c-41a8-bd11-99dd5c7e8e1b", null),
("a623ae1b-d75b-401d-86cb-a427eb5b0a2e", true),
("37b208e0-162e-47e3-b351-aaa4654c29a4", true),
("6df1c891-7d2c-4ab9-b7e1-99b7ec4f01cd", true),
("658ee333-d4c6-490d-a7a9-0234c837e123", null),
("601848d4-5d1d-4295-b800-f5797c55a951", null),
("01df6b36-c9f9-4abd-85fb-ba5a480156ce", null),
("581ea3eb-5e7a-4b48-852b-3a0c3ddb6bc2", null),
("36dfbaf9-0dea-4f12-a4bd-b45c3a1918ce", true),
("970590a2-480f-43e9-ac83-df162588f8d8", null),
("e5408fe7-2b20-40cc-a299-dc9af74c15c5", null),
("cecfa74b-c29a-494f-8961-18b71ab2b3de", null),
("12467740-2bba-454f-96ca-e6e9a254ed70", null),
("1041fd1e-a0eb-4d6c-bf98-5f2ab95c8b69", null),
("027b8083-c2a6-474f-9568-5decff9de702", null),
("8eca4a47-0aad-44b4-9d54-a19f189b1e8d", null),
("0c27e683-5502-462b-8402-3e5d29939af1", null),
("4eac506e-0649-46df-bd4f-2446d246dc5a", true),
("6e98e6af-4415-468f-87b4-cec23971c862", null),
("6f9baf43-4a03-4da4-b828-bf642f5787d4", null),
("b8286d8c-4236-4704-a5e3-65e25f8fab14", null),
("bbe01463-3d1f-4080-9b08-b5d5690b15e8", null),
("e1e4ec2c-3af8-459c-88ba-01be0b148334", null),
("85dbf092-c63e-49bf-b8ce-b23340ce53e8", null),
("9c736cb5-0556-46f4-b444-3222786c1d8f", true),
("bf87845b-b7f0-422e-bf5b-713396c5156a", true),
("ecb073b4-5eef-448b-a8ca-b595cbe6434f", null),
("5e6bdda6-9203-418d-8a00-a530f65ee211", null),
("d9ea17aa-ba30-43f0-a41f-59bea27d8d13", true),
("19395181-2249-48ca-97d6-d889b62fac7a", null),
("71c00dfb-ba78-476a-8f05-e255b78e8eba", null),
("b9fa19a7-8190-4721-86a4-0a93a6b22f7a", true),
("e6a46c0c-4b56-4975-80ab-b45230092839", true),
("0ca74389-8863-4dbd-baa2-de97672cc875", true),
("fa8753c7-92a8-49a4-a248-44a7bbb5b7a1", null),
("29fed1a2-c852-4f76-8962-98e06c90f826", null),
("23b0f510-6917-40fc-a744-54c7c820aff6", null),
("bc538ec1-0015-4b94-ab89-adc0dfe7e962", null),
("ac79ee1f-dc83-4728-9051-71815ffd16db", true),
("301651d8-413b-467d-9c34-9a6669e8b735", true),
("883ae5d3-b319-42f4-982f-ff8f7a691ec1", true),
("89584ecc-a731-4336-bd44-13297797e076", null),
("8e746953-583e-4df3-85d3-9bf3bf86a34c", true),
("c591003b-cc5e-424e-b6c8-24503a3d5469", true),
("378041e1-f38c-4806-b0bd-f68f2ee482fa", null),
("6ca1789d-a4a3-401d-887e-b3f7dade377e", null),
("0044b8bc-010f-4e42-8b83-e6b8802739ab", null),
("046aef7a-2384-4578-8a07-d486d0d9ed32", true),
("db7c5ac1-c3cd-4068-84c4-2d90930d5591", true),
("908097e5-cbf6-4027-98ce-d5683e267162", null),
("031a2422-6898-4c3b-9217-434b790aacdc", null),
("649a9b90-78ae-4cce-9460-34881ce083bb", null),
("642a068d-71e3-47f5-952d-5c873af5cbed", null),
("5bc055ef-8768-4a76-ba22-9baee15bc9d8", true),
("19f42260-a6ce-42ab-b07a-d0ffa5dfeef2", null),
("6ada74f0-1718-4838-bbf2-22297451ddda", true),
("02bd0671-d61e-400d-9cdb-a4267721bac4", null),
("e0d9a59e-b005-4c32-bcfb-3ed1cbd28eee", null),
("0d7dc12b-ae91-43e9-ac71-087381bb26f8", null),
("80d79fc3-8a9c-40c9-902b-8f4845d2266a", null),
("60eea6a0-584a-48ea-8c0b-293880e5593d", null),
("f9b3c7f5-dd09-4e74-b6df-22e533a362bc", null),
("c25f649f-1d42-466d-bc45-8c448f92851a", null),
("d3a4164a-6115-468e-8889-9fee1928e1cd", true),
("e0c5d3d2-4cb8-46c7-851e-21cac49d66ef", null),
("ccf3561d-4a51-4011-9dfa-40e8dd12d3f8", null),
("9ffda46a-8f0c-46f3-b13b-6f4a44545586", null),
("4bd9cb66-bdd6-4093-8566-0c9f8759f5be", null),
("c4a3e53c-f2ae-411a-bc29-25293a01160d", null),
("491129f6-56cc-4fa5-b074-e324a5d3e9b7", null),
("fdc6ff3b-ad3b-48a6-ae69-2edd455f350e", true),
("ea2f64be-20d5-464a-b3fb-2d9ff9d5cdbb", null),
("447cef00-fd15-4937-b7b0-26cf9b4310f6", null),
("e3765eb2-e716-45d5-940d-154bc9885a36", null),
("b49ea828-a52a-400f-b5c6-31e6abe67307", null),
("4ed52346-52d7-4b2a-8001-f1d1f40d3b2e", true),
("8f9107c2-8b4f-4e64-aeb7-1e616b87d9ea", null),
("26cafffd-8044-4246-9454-9d7f9a2f82bb", null),
("9f401aeb-3e32-4b5b-816f-601ca218ab49", true),
("8d847387-e2d2-412f-a697-4f7aaf498e47", null),
("86bb5ac0-2ee2-46ec-8327-17fbbce7c5eb", null),
("c053a0c0-20bc-49f0-854c-ddf12419fcb7", null),
("930d74e0-f30a-4161-a925-a29aff644f8e", null),
("1e23e703-189f-42bb-b1c1-5b7f6a964790", null),
("011dbbc3-3d72-4019-b319-13f4e2be0a51", true),
("81a8f976-4bb4-4c5e-a4ef-8a36ea26de82", null),
("aff14f80-1bfd-4f27-a6f0-5bff48bda860", true),
("3d26e816-673d-44e0-a8c5-4bfed81a8b4e", null),
("72c23691-a983-4533-adf3-03ee1c12cae5", null),
("95f21b1d-bd0d-4a9a-86e7-824c5c03c674", null),
("8c548833-1251-40b0-b0bd-8941ce531f43", null),
("f70b47fc-c6f9-4e4e-9083-83562008cd84", null),
("292c91e2-d2bc-4ca1-bba6-0ac15a0e36aa", null),
("3e074221-6efa-41b5-8bb4-6ba585ec6b34", null),
("44ebf62e-5687-4ccd-825e-e90a08717292", null),
("081a8f70-b2be-4396-bcc2-130e49e28546", true),
("aed75bfa-27ce-4703-8146-616441b5739e", null),
("75aab43f-98f3-43f4-8476-60eb8fddbcf7", null),
("9f995103-8c73-4ee8-a964-00e582ae9e97", null),
("ec55b1cf-88f7-42ae-bd2d-748ebbc5eec2", null),
("1e6f1027-3609-4f25-828c-aa94f9115421", null),
("d1c08e1c-d499-47f8-9050-4fd963cd9f17", null),
("7e821a5b-7e68-4c0a-95e2-f0714b38f32e", null),
("538f8fed-cd15-45c1-8f07-be3cc8eb8caa", true),
("7a8c571c-4bf4-4436-ab47-18f93a6bade8", true),
("077077e5-d24c-443b-8ac2-68841d163cb9", null),
("54377fef-f89e-44da-88b9-dc77ac035591", true),
("7a9c42b2-08ce-48bf-bb2c-7316aa91344b", null),
("15dab6ab-2a98-406e-8755-06f6344e2c8f", null),
("b9ab1dcb-d32d-42c2-8299-6fadc0ff34aa", null),
("972e8726-e02a-499f-97e9-7d4ba07ce913", null),
("735542e0-34db-4b8e-81fc-c1a2ddf2118d", null),
("1a65809e-4654-4bcb-a645-bcb4240c4c75", true),
("0aab4601-4798-4393-b94c-d38b09cbb5bd", null),
("f8d5af7a-3af2-4927-b2e0-81fd902169c5", null),
("4e4788e1-9d86-41d2-8655-c72feee547c1", null),
("18968c33-65ff-4459-9ea4-781ccc01a8c0", null),
("9c10b392-5412-4f2f-855e-e6c47be1d2b1", null),
("dc157e75-3f34-4899-a20a-7abf9bcba3c3", null),
("422082bf-0aa6-4b98-b5f8-8d64c252333f", null),
("56813c38-9905-4621-936a-b94fe9c22c76", null),
("6cba788e-659e-4d16-a9da-9e2c944c43eb", null),
("5f71b579-a9a0-4b2d-8f51-85fbee72313f", null),
("e842901e-f68c-4f47-a3fe-bf94b04d0f80", null),
("a5575fb3-3744-4ac7-a1c4-c802a27155fd", null),
("c25b743e-6d04-4250-a1fc-43352167a673", null),
("e6557d02-8a6e-4868-ac84-fcfef4a128a4", null),
("216cde34-403d-4ce9-a150-f455538b373d", null),
("845e18a5-1ab1-4892-b2b6-06101db93a24", null),
("c8e101c1-1f74-4fbb-8e2e-40a8d88730b2", null),
("24d0d944-ee1b-4e82-9bd7-7f97c7b7c585", null),
("eb0f46f5-ea73-457c-b5ea-66dd5b7a592f", null),
("138f0153-d931-47fb-b76a-40e542b5eb24", null),
("67e07945-a97e-4c1f-9a0b-2555b4f1c47e", null),
("9d402c59-b5df-43de-822f-5b24008a4c1f", null),
("3e95bb41-8381-47a4-a02d-428df9c454d3", null),
("d7fffc57-42cf-4a6f-8f04-99742cc773e5", null),
("fdcea574-0420-4880-8744-538d6a1f9cb2", null),
("c7d32408-3d0e-4ecd-a15c-570de751b5d4", true),
("4371e38b-ab44-44e2-9a5f-069166c06740", null),
("298ac1d8-31de-466b-81db-9de7297f0d39", null),
("8179a38e-e8b0-4912-9b05-ac3f5cda1bd3", null),
("d00c9912-30df-4e80-966b-bfd7b6d126e4", null),
("ce3e42c6-566f-4c82-b4ec-5dc3875cb564", true),
("391c2d34-cbdd-40fc-8591-074cfd1588b1", true),
("0aa12747-8811-4450-acde-c86ea326f2b5", null),
("531e0fa1-40ca-4320-9942-d4a71f6442bb", true),
("8f8ee280-6424-4230-8402-08c148445959", null),
("b324466b-d2aa-45b8-a546-e1c4e4c38117", null),
("e00e71c5-5bf9-4716-988f-1c3ee583953e", true),
("6050ea7f-5148-4593-8c57-fffc5ed66880", true),
("05cc7962-b4c1-45ca-9659-4112667bba94", true),
("468254e3-2829-4fb7-b8ef-ff5ead895f55", null),
("6bfdf180-d5ea-4805-93b3-fcae0431e6b3", true),
("253ecd5e-8555-47a6-a2c1-d29729f8b357", null),
("fd9adae9-245f-4a7b-bb1f-4228bf318d66", null),
("73395751-d0ac-465d-be99-97dab3be959f", null),
("fd2e4f88-3833-409e-b3e8-db9bacf16ed3", null),
("c08d0b6a-0ab7-4f2a-b1ed-8e651206e467", null),
("66cbd0cc-df1a-4f2e-aac0-3058c40aea94", true),
("9a96b4a5-9d7a-4df8-bbb6-9b3f2376acbc", null),
("2952e4a2-cd1a-4ae7-8b38-e26db44f5075", null),
("35f25cbb-ddce-4236-93ca-fbcb4f5045a9", null),
("25ac24be-7da7-4ed8-8b77-437b4333e6cd", true),
("3a781360-e005-4060-8a28-29f384afb270", true),
("e78162fe-72d6-4399-802c-021bad77b0ca", null),
("6a39105e-0a72-4fd0-a316-bec14a724246", null),
("a3238fd5-8e70-4453-955c-a4c4a9e7330f", null),
("e9b54fbb-6080-46d0-a1b7-e818eedb1fd1", null),
("fdce3ced-bdc5-427e-81af-ffdd175936a4", null),
("c2fa77a7-d668-48d9-abdd-1bd2a8360b0c", null),
("11c2dbb9-0f35-47e6-8e16-d075caa0ee2a", null),
("026c44eb-bd74-4680-b240-8c501f4f196d", null),
("9ac12239-4515-466d-9d31-119830f447a4", null),
("caca6951-1aed-4a18-b140-8568b4235108", null),
("9d241e59-111d-4c80-a38e-f20ac3fc79ec", null),
("7189a638-414b-49e8-ab93-83210f61f7ee", null),
("cb8b1c66-4eb3-4073-a26f-6dcddab22dba", null),
("8f9bef45-93fd-45d9-94e6-ff701deb44dd", true),
("c7c7d521-1de3-4edb-ba12-2e711e3f49a7", null),
("6a185049-32a1-4213-a523-812f6afa229a", null),
("3e1c3f7b-b5d5-494d-8794-336131073678", null),
("bcb7e062-885b-4f20-bbdb-d5f4c930ba91", null),
("a7e625c5-e1a7-451a-af72-8f90794ea098", true),
("d63d984a-16f4-41e2-9c35-7ebbfb15ee52", null),
("2e695680-6ed4-4bb0-9c6c-a1b8998c4998", null),
("835fb134-5027-4e67-936d-3f12659d4169", null),
("1eda46f6-bc26-4da5-bec9-02642bb8085c", null),
("971b5e8e-2f4e-4206-9e57-924fb6c67246", true),
("7e7308ed-052c-42b3-a29a-8530c3389c6f", null),
("3e76a830-3e16-4d25-ac89-412c0b3b14fb", null),
("4336d9a1-d69e-4ea0-ada4-2e78b9532dc3", null),
("bb91b5a3-6b10-477e-8992-1b34dad1e878", null),
("54907a82-57e1-422a-a93f-4e1116ba8459", null),
("687c3d36-2b04-41ab-92ec-7bda09dd27b2", true),
("ef5ef807-739c-4cb8-b23f-cd8cc8135693", null),
("e39e0f7b-9b8e-44cc-887b-f5b1229ac7c9", null),
("deb13ab7-1c0b-48a4-8dc6-a60b29d3ab96", null),
("854be953-5e9e-4468-a225-3a6ba5b110b6", null),
("d5211af2-dbd5-4260-998b-b5a0a4dbf09b", null),
("752625f8-5685-4f00-be30-88031ccec2f8", null),
("4e4c756b-9ffb-49a9-bb8a-a0759b18d956", null),
("3b2c34fc-5ab3-42b8-824e-42343278ecc3", null),
("7903148d-c9b9-46e7-b0e2-d4c7afeedf4b", true),
("70a71d8b-8c81-4385-b3ec-5645059dba78", null),
("4a5f45cf-3d5a-45d7-af65-97f521642daf", null),
("f580e285-b934-45b8-9088-30fea3757067", true),
("5729c52e-d9db-452f-850e-01115e274ee8", true),
("9c0e37bc-273a-4865-9b9b-18ff1f5dbbb9", null),
("910a3360-a75d-43a4-9dd6-be2365e4ddaa", true),
("166708e8-9a57-485e-9cad-afc8c9b3fb0a", true),
("c4b8db94-7878-49ad-babd-f610c1686c76", null),
("ed5da9e9-ca66-4703-b0d5-11513219adac", true),
("bc28e99b-5886-42e7-9e38-7a33cedaba18", null),
("f788a455-f633-4c16-a2ae-bfe70c043100", null),
("fa593d8e-15cd-4b70-b638-e8340a0f6ff6", null),
("d477dec2-b502-4d44-b30e-c9b2f7566f85", null),
("5064862d-1ac4-4da6-b768-f8d20fd90664", true),
("e1366557-75c1-4cb9-af78-08d973e7c647", null),
("eec2b8d8-67d3-4ccc-9277-c2884be777f4", null),
("fa2e9544-3bb2-41d6-88be-c9b8478e40f0", null),
("41d57a8a-cfe0-4756-9273-0a8c2d55271d", null),
("162cb397-7fdf-4edd-a278-db12ee93a261", null),
("cb9f7f7c-3546-4a6c-a3c8-0089973e5b3b", null),
("b2c24c61-d33c-4e9a-94ed-99844878168f", null),
("76f23a6e-2eb1-45d4-bf88-16a98f61f272", null),
("4b1253e5-223f-4919-b8e7-f6668b2d3aca", null),
("a5f18dcd-b1b4-40a9-aadd-b18987a89c34", null),
("b706bf83-97ea-4331-922c-5436e57e1693", null),
("72e483af-4983-4ba3-b29d-57a43f20a3d6", null),
("ffe2774a-4019-4f36-bf89-5b38dcfad993", null),
("bf384c66-e5ba-4f9f-8a93-17f36ed5f982", null),
("eadd9eb9-f8fb-4c4f-8bdf-9b6fb391d8b0", true),
("7a0063e8-47be-484d-af0f-5c6fbfd9c0c9", null)