﻿﻿("c03d299c-c149-45ff-adcc-3a56371bf55f", "Success In Play"),
("702f7715-748b-4e06-a8df-66b7b133b008", "Success In Play"),
("38a7fb5f-f5a8-4dc4-ab74-c4b6b6e23487", "Success In Play"),
("73dcc1b6-3f2f-4881-a38f-1a02201206a2", "Success In Play"),
("cc99bca7-f9a7-4efc-9c55-9f475a2b0ab3", "Lost In Play"),
("0a8d9595-aed6-487a-9cad-1db713216014", "Won"),
("b880a49a-0d74-4042-9f64-024fb151f577", "Won"),
("80665800-b2b1-471e-b386-d5966d390174", "Success In Play"),
("e9c7572e-0673-4307-9874-538bd0cd1ba4", "Lost In Play"),
("aecf731b-f79f-4e55-a327-d7f06b0865df", "Won"),
("1608057f-6739-45df-8918-d396258791b1", "Lost Out"),
("6dcd9c9e-430b-47da-a968-236158772ed7", "Success In Play"),
("a767304b-5f23-4273-b73d-c7570a962e93", "Success In Play"),
("203937c8-1318-4c53-b2b6-bbc3c11d9819", "Won"),
("87be8c67-ae65-42b1-8c07-1fed790cd7c5", "Success In Play"),
("161339ca-1a59-4863-874d-f58517a046b1", "Success In Play"),
("25691fa7-3a69-424a-b77a-7c26657baa8d", "Won"),
("a7c7fae4-a88e-4fae-a13a-ae1b60234394", "Lost Out"),
("5b9d1b73-3662-4b55-b760-45ed453a768c", "Won"),
("8381a66c-5847-42cd-b931-04fd1679a379", "Lost Out"),
("e81fe9cf-22d8-47f9-ad7b-600d03a45c14", "Won"),
("0b4a3314-355f-457c-bf88-bd991a777d29", "Won"),
("44cc1273-3571-4b7c-ab0b-2591e2e79a31", "Success In Play"),
("df89edef-4601-44a5-8a66-fc5f5eda6cac", "Success In Play"),
("cd32c992-cb1d-4f28-b858-2739839826d5", "Won"),
("23bf40ae-96e2-44f8-9b59-78aa2c0788a0", "Success In Play"),
("78884536-76d4-42ec-a8ba-31c1eca1a4cc", "Won"),
("ad62803e-2845-4571-8c0d-51fe9fba1c3f", "Success In Play"),
("69f77ddd-f00a-41d8-b4a2-1a0824c8bd29", "Won"),
("4ac5337d-186a-4208-ab69-e54c96f85c79", "Lost In Play"),
("1a5f1543-af06-4222-8874-640c514941a4", "Won"),
("f2f698fd-b943-4438-a2d2-8ae470127eb2", "Won"),
("8918ee1a-0efd-44d3-8543-ed83d166b918", "Success In Play"),
("97be180e-d342-463e-8c10-f69c0d1e3037", "Lost In Play"),
("aacac267-4410-4e4a-9de6-cfec944f9745", "Lost In Play"),
("8747a74a-0b37-45a4-b32f-ce0443b271ad", "Lost In Play"),
("9c99f1cd-fce7-4b6d-a5d3-78386149a659", "Won"),
("bf9e0cbe-76de-4b5a-ae6b-4e9044a8e872", "Won"),
("fb1b9593-8263-45c4-9b05-4e85659cbb1f", "Success In Play"),
("01cfb313-93f6-4f03-8c1d-96f28d9659c7", "Lost Out"),
("8ab4e3a0-1785-4282-99cf-4bd15e253641", "Won"),
("37d18364-af03-44f1-9265-cf3eacf3e79e", "Success In Play"),
("8196b4d6-064c-45b6-a718-ddfd05175a6d", "Won"),
("5da7b4b9-c857-4230-8ac0-fda9d6cd0746", "Won"),
("7495edb9-536b-4371-8a9d-aee334704b00", "Success In Play"),
("c57bf2d7-9a89-408e-9484-c5147958a54b", "Lost In Play"),
("28cd2023-9962-48d6-8978-689ed9a2421c", "Success In Play"),
("53ce13d6-5560-401c-aed4-83cefd9c718a", "Won"),
("6bb94e4d-a0d6-4feb-aeeb-582b2f9f2717", "Success In Play"),
("19e2d68a-45c6-4751-806a-40f6f745b9c5", "Won"),
("6747edd9-81e7-4a03-abd9-b3d24a8877db", "Success In Play"),
("4a031f89-0a78-4890-9fe9-e6a57fe0a670", "Lost In Play"),
("b33a35d8-111e-4070-92dc-f13f538627bb", "Won"),
("bb103871-7f3e-4d26-b5c7-73c847d50603", "Lost In Play"),
("c2eed6f8-5045-4b9b-bcf6-500147baeae4", "Lost Out"),
("7239de64-8a51-4aab-bcd4-0c188d1a6710", "Lost Out"),
("7651c8aa-d22c-42a1-89d7-240d92fad8dd", "Won"),
("f0f20925-58b0-4d77-93bc-8992fc3ba5f8", "Success In Play"),
("92ad4068-ca8b-4e41-8264-eb3644f73969", "Lost Out"),
("ea11abfa-b8e6-43b5-973d-ccfda3a49223", "Won"),
("a5c21250-c379-4694-af76-2ef59957ca7a", "Won"),
("d9840a44-9e4f-4dce-a0ff-0ebc9a54592e", "Success In Play"),
("660ae845-06ec-4be6-af0a-7820d67571e9", "Won"),
("84fdb3c4-d714-4653-bfc7-aa1eea742ac5", "Won"),
("777fb83a-f067-4678-bd04-17075814a639", "Won"),
("b8ac7614-c995-4c4a-97ea-8d98b3508482", "Won"),
("0b14250a-4a00-465a-a0c5-df8a169a055a", "Won"),
("50ddbf39-3a70-452d-aa28-0dbcdd4d98fc", "Won"),
("a74d81f8-b87b-4647-8b1c-d5884da729e1", "Lost In Play"),
("6479d005-395d-47d3-8c0e-3055dff33d97", "Success In Play"),
("af1e2644-47f5-4f81-990e-72ac640bb382", "Lost In Play"),
("1841c793-06fd-4fa9-9a03-25805a571fe3", "Won"),
("e525b5b8-c252-4708-8810-7608068fd4bb", "Won"),
("3173685b-78a9-4e10-aae8-9ef360ac1c99", "Won"),
("0d15977a-d29e-4c8a-b847-98e78579936f", "Lost In Play"),
("fb868355-be4e-4c23-a30b-49c2c58b8821", "Won"),
("af63b8cf-f219-4466-a1a4-ca057062f30e", "Won"),
("239e7758-ec43-46a7-9231-4a7bd9b4c03c", "Lost Out"),
("14f81482-d814-45f7-9ba7-40a5bf3870db", "Lost In Play"),
("e84ccaaa-38dd-4a66-8aa2-552f784e3531", "Success In Play"),
("3bf33c77-0d7a-42ae-8174-42809b7896a6", "Won"),
("c609af3d-4369-401e-9b18-cf4bd021421b", "Success In Play"),
("141b5645-6ed2-4e17-8516-67625e684f4b", "Lost Out"),
("1a56fc44-4c96-4cc6-ad0d-184bbc0b60ec", "Won"),
("50c46813-3cd7-4c4a-be77-8f5b1349d676", "Lost In Play"),
("4e7a6b20-b414-47c8-9c6b-98d6ae637be0", "Won"),
("7b2b9486-2a76-4d6c-9e4c-d0700564412c", "Won"),
("e09aaa0a-67bc-4670-9020-abe572ed4924", "Success In Play"),
("d4b0e011-f467-4776-abce-4a016ca832e3", "Won"),
("bd2e13b9-251d-4981-b38a-6ad7ebc5cda3", "Won"),
("0434b40e-db84-4595-a915-9f9ecdf5fff4", "Success In Play"),
("d53cf892-0045-4ee3-8619-95d96ec93028", "Lost Out"),
("04dbf9bb-ea81-4a7c-81ef-7632c45cda09", "Lost Out"),
("5b2d25e6-f41a-4f68-b5ce-d7169527492e", "Lost Out"),
("934cd6ec-173a-4ec2-87e2-d13aa18d8946", "Success In Play"),
("386fe928-1200-44e0-bbe1-e9dc0b177e48", "Success In Play"),
("39c02536-ece7-4809-b87e-6c29b04a30eb", "Lost Out"),
("66c95e02-02fd-4f16-a503-18963923bc40", "Lost In Play"),
("fd0a7960-e366-4113-ab34-c45cb82bad2a", "Won"),
("f98e5226-c6e0-4e93-bcce-8eba9419348c", "Lost In Play"),
("e812a313-09cb-4513-a2cc-b1e0545ce94f", "Lost In Play"),
("72bef5a4-0f5a-4069-9768-dc8b851daf91", "Lost In Play"),
("e970c163-5f30-4668-a0d4-aa81084bc1be", "Won"),
("12d53059-09b3-4e8e-8f31-6723f2623c78", "Success In Play"),
("e54e2ec9-5a42-4a93-a2a9-facb494026ce", "Success In Play"),
("b94ea6c4-cb63-4233-af2d-b3c76ed9db55", "Lost In Play"),
("529c5b17-f220-4357-88c1-cb85a219e3ad", "Lost Out"),
("22a78518-fc5b-4211-8575-84e8a946d3ee", "Won"),
("dd146a0c-56f8-4735-af44-622bd64a5752", "Success In Play"),
("2fc08cef-9d33-45fc-9b01-15e949b80b4b", "Success In Play"),
("064bdb4a-4f04-4ee9-901f-2425701353bc", "Lost Out"),
("690995c8-7d5b-42aa-b843-3b76404ba8c4", "Success In Play"),
("c4e85f03-3d16-494c-9ec7-0c65211e4d78", "Lost In Play"),
("ac1d802e-3a59-4757-a784-66966815ef99", "Lost In Play"),
("2085795e-2c60-455b-9443-e2fd0085a35e", "Won"),
("4162eb1f-5cad-4e08-af60-fb8610c592b7", "Lost Out"),
("973187c9-fe86-4b24-98c6-f38b47264b42", "Lost In Play"),
("395b6b8f-f6ed-4a46-8a23-32a9c4906327", "Success In Play"),
("5f201e07-9c6d-408f-a355-b8b2ebf06bb4", "Lost In Play"),
("9e19c318-4aae-4a1d-8917-573cd56cca9b", "Won"),
("d01433d0-44a2-4d24-8468-2df3eae0b3f4", "Won"),
("0d14e241-025d-4888-8649-851034819638", "Lost Out"),
("cebabf87-8301-4594-b0d0-cb3bf5fa223b", "Success In Play"),
("c339b290-af26-4d30-9573-8f94b39e5b8d", "Won"),
("2232b848-d54e-4274-b9b8-6f487842b6dc", "Success In Play"),
("08b1fea4-cb2d-4284-91b5-61008c811a37", "Lost Out"),
("47c8a907-f70f-4576-9e92-8839795945c5", "Lost In Play"),
("6d2d9c07-ef71-4d9a-82bf-2a6d4f5b13cc", "Won"),
("f96887de-4bdb-4fcc-87aa-13370ce34da6", "Success In Play"),
("632cc563-e374-4a58-8543-6763f16e71b7", "Lost In Play"),
("000a675e-5ae6-40c4-8f62-ffd94e89642b", "Lost In Play"),
("03e089c2-2a6f-4e7c-985b-6e6e8eabbb53", "Success In Play"),
("4ec2748a-43a7-4eab-b6d6-d6bc876d1ae2", "Success In Play"),
("ba966c15-eac0-49a1-96c2-0b000e5dcc01", "Won"),
("85382fab-3376-4984-b65c-056593a11b42", "Success In Play"),
("0c40bd9c-4afa-4fee-a400-2a447c426a7d", "Won"),
("f7e954bd-e452-4642-b722-2bbfc0e11cb1", "Won"),
("113f4d99-2611-406a-a4ce-ba96c4decd97", "Lost Out"),
("050e8322-c1a5-4377-897b-1435e0826bcc", "Success In Play"),
("7859fcff-5a7c-4e9e-8186-ce5cd428803c", "Won"),
("2b780a25-8a6e-4ec5-872b-38a0e1dc3ded", "Success In Play"),
("0c4393bf-1089-4b31-8b24-616f7b17f482", "Lost Out"),
("fd926449-b2a7-4233-9e2a-92d03cc34789", "Success In Play"),
("8e07ff02-cf10-494d-8197-1c480e7ecbd0", "Won"),
("e0bbe2bb-172a-4c49-847d-69324cf94efa", "Lost Out"),
("fbd68032-5635-4b6b-9318-b73e59bc37a5", "Success In Play"),
("ce8fde10-b706-46dd-bbfd-e09a2d942a2e", "Won"),
("b2fd02dd-f1c6-48b9-8dfe-abae7ee75950", "Won"),
("1ac08029-4ff9-4ebd-84f8-7ba955fff7fc", "Lost In Play"),
("7c3152b5-37d8-4cb0-b70d-d6b66e82199c", "Lost Out"),
("e4b7b840-6f44-48d3-9389-9ec99ddda2b2", "Won"),
("78464870-fb81-4be5-b80f-f30297da71e1", "Won"),
("9486c0eb-eb76-44de-a681-c282b46ab622", "Lost Out"),
("885aa6c2-7040-4b50-8ea6-48911b28e146", "Success In Play"),
("0ae9f73c-cc17-44c3-8a83-06fd1e879855", "Lost Out"),
("edfdad4b-18e7-42d2-8c2e-9873cc50fe15", "Success In Play"),
("026f4b88-ac69-41b3-81f3-71de6d92044b", "Won"),
("803a74c2-a0ac-44de-937f-3a0593729a64", "Won"),
("7226fe28-bbce-4cca-a78e-7a0eb410aa35", "Success In Play"),
("5ac7cdf9-d1df-40b3-abb7-4bd660854cc3", "Success Out"),
("73bbfc38-43a7-416d-9899-0668799896b5", "Lost In Play"),
("9675f0d5-1bf2-4f52-91e3-a947e7818426", "Lost In Play"),
("dfef25c0-c16f-43d3-8da2-2c4722f45382", "Won"),
("bb8e3923-d9ef-4772-bc30-b248b0447952", "Success In Play"),
("4f2c1740-deff-4177-9eef-09bce433af71", "Lost In Play"),
("20fccee9-b7fa-4684-8df0-f493bd169d91", "Won"),
("0ac69358-53d6-44e4-b3d9-fde6bd22a8c9", "Lost In Play"),
("fcd0d947-fa72-486d-b42c-6dc5dbd36275", "Lost In Play"),
("570007bf-a191-4d24-b780-de28cdf87208", "Lost In Play"),
("f2f96c82-6000-428b-b949-135ea3b750d5", "Won"),
("51c90279-f00f-470f-96ed-764f1d6c5dcf", "Success In Play"),
("c05cefc0-6450-44d7-b513-94acefa83a63", "Success In Play"),
("3d9e13b6-82e4-4e33-83ab-04a307803e94", "Won"),
("c264cac2-266f-4f1c-955e-b30c24adfdeb", "Won"),
("de5cf53a-2f7e-47d4-932a-c9002f865b77", "Success In Play"),
("cf92d780-793a-4f2d-8936-b1ffe85018ef", "Lost In Play"),
("60151544-0e01-4909-81c5-68937ba7b241", "Won"),
("20e86dd1-0fdf-4831-b64e-61c165107301", "Won"),
("b9036103-0d78-40b5-86ed-531b05128fdb", "Won"),
("c94fbe3e-80b9-440a-b469-1fd698f962fe", "Won"),
("d7dc2e43-4af4-496f-8ace-61d955c61f6e", "Lost In Play"),
("0cdce79c-3498-45a3-a191-2ac5f5336aea", "Success In Play"),
("7aecec01-07ee-420d-9c01-f3cf2d888151", "Lost In Play"),
("070cc2e4-dd18-4685-862a-a68213ca4188", "Lost In Play"),
("df1fe919-0991-455a-996b-40852971190e", "Won"),
("31acdfd3-2e21-42ca-905f-60d58581026e", "Lost Out"),
("4f332121-307b-457f-9695-a27bbd7a3a14", "Lost Out"),
("2871da84-6ba4-45b0-9355-f2a82ff4fa52", "Lost In Play"),
("0fdfb877-306d-438c-8a8d-bfc743c95c74", "Lost In Play"),
("e1bac399-3de6-48a7-a000-343bed89cff1", "Won"),
("e842e32d-3060-44e1-ac47-2bdd99ccce44", "Success In Play"),
("d063d64c-b842-4f59-a1d9-57753cef6e20", "Won"),
("d17a09e5-9268-4219-b2c2-10524a367c87", "Success In Play"),
("f5215687-12a0-4872-851f-71c2124add4d", "Success In Play"),
("97e29f14-34a5-4705-a00f-48e08ce1994d", "Won"),
("584e0464-42d1-4272-b862-2dd9d698d856", "Lost In Play"),
("d767c924-372b-4e1b-8d06-70d420b278ec", "Lost In Play"),
("881e62f0-b28f-4647-8491-b5da920655ae", "Won"),
("50f59917-6fc7-45c5-852e-0bc00246b760", "Lost In Play"),
("6aea0837-54be-46a0-a4ac-2d4fc5dee879", "Success In Play"),
("ab12b31a-66ec-4c92-9ee5-326afa014f42", "Lost Out"),
("d69bcc61-2f26-4bb6-929b-7fe59b64d766", "Lost In Play"),
("31bdbd93-6d4e-4fd9-b0ba-664809f480d1", "Won"),
("492689bc-c422-4b4b-989f-8093696fdff7", "Lost Out"),
("fbe108f8-5a70-4954-817c-b148356b94c2", "Won"),
("77961cdf-8174-4a21-a1cf-0cc306d03511", "Won"),
("1823aad5-2816-4eaa-8de4-e450e60572b7", "Success In Play"),
("b7b0b577-ff3e-4d15-9cfe-5fa4015de027", "Lost Out"),
("42f95fc1-b343-4b76-a308-0a4b170c4855", "Lost In Play"),
("62deccd8-4bfa-419e-8398-91598bbab035", "Lost Out"),
("3316b7cd-0ee7-4d33-8a8f-09beabfb9d0d", "Won"),
("ca0556a7-6259-49d7-9cea-ea88824d620c", "Won"),
("2ae800d6-bbd5-4f0c-afe8-f17879f5b90a", "Won"),
("e70fc57d-99af-4116-b69b-fdab20ed0db7", "Won"),
("d6dd9ab0-3857-4024-8436-267953d7069c", "Won"),
("7aadb137-f949-4da9-88cf-e73c6b0bb3bd", "Success In Play"),
("f2397f25-b725-4d5b-a9e8-f3a000bdb564", "Success In Play"),
("866f3f52-d75f-40e2-9837-2a12c9250161", "Lost In Play"),
("1dfa72c6-fc23-4e67-9fde-c3ceb3567b8f", "Won"),
("e5f2f3a0-b5b1-43f6-994f-910e6326dbb7", "Lost In Play"),
("21941d07-174d-4f91-91f1-104c0e0b8407", "Lost Out"),
("8a580dfb-de9a-45fd-b87d-e67b1fa5b33e", "Lost Out"),
("f86aea0e-068d-4b6f-a9ec-ee06793a4b5b", "Won"),
("7dd92057-8466-4e66-af6e-b3a7dbb7cfa9", "Lost Out"),
("73accc6e-794a-4d1f-838e-8fa560535b48", "Won"),
("c7098dc6-cba6-494a-8b44-d1dc6dc9611c", "Won"),
("794ece54-bed1-40c6-8999-6a6793b55a7a", "Won"),
("e7d9ddb0-0f4a-4173-ae3e-3698d1598633", "Success In Play"),
("ee013f41-079f-4880-b939-d99bf1f23835", "Lost Out"),
("25f76493-5f00-4db7-85a7-a9d2716f4e78", "Lost Out"),
("2ca55f91-4804-41e9-98d4-e28818872de6", "Success In Play"),
("38c5cb80-6812-4609-bee0-7e8f3ba8586a", "Success In Play"),
("a64f0aa3-1878-4ae3-9749-63427b1846c5", "Won"),
("5290009c-e9c9-4802-9dbc-465eb7203959", "Success In Play"),
("687ca31b-f6c7-4995-83b5-599b26031f16", "Lost In Play"),
("ee5b3732-ecc7-4c78-9838-d243668aef50", "Success In Play"),
("21134c47-6c78-4ebb-ae70-196fcbf01bc5", "Won"),
("115a7190-bf43-48e0-bd86-b6d5cfccd9b4", "Success In Play"),
("c22efa5b-5ea4-44a5-9bec-946063ba09d2", "Success In Play"),
("1ca93222-3718-4c8f-bea3-dda52c8e0f30", "Won"),
("711074d2-40a4-454b-8ea1-6f34ab4c8ed5", "Success In Play"),
("7997b17c-c1af-48f9-82bc-434406d42645", "Lost In Play"),
("b9294b43-975a-407f-b154-031509c80e2f", "Success In Play"),
("2a6106b8-7827-4cd4-a651-e9a4fbbb561d", "Lost Out"),
("3b5f95df-a01a-4263-9fa0-6ecf9bff8b96", "Won"),
("cd8ff2e1-dcbb-4e8e-b16c-a97fe0a4720a", "Won"),
("9146ba55-efb8-4259-a290-4efa14c4a8a7", "Won"),
("548a136f-549f-4ed4-a1b1-ad6f9e10b80f", "Won"),
("aa0ce32f-bc1a-4de4-b4bc-c576d6c633fa", "Success In Play"),
("7e1e8f23-34c0-46c6-b983-f65d29907d9f", "Won"),
("34cf1f87-4057-4dc8-b51a-6ba4198b200d", "Success In Play"),
("b40f7efa-5cf6-4e6b-94ea-3a63a84afb29", "Won"),
("060c29ed-feff-4c9c-8851-cda77ce4e8a0", "Won"),
("a75ec096-dd48-49e0-937c-9b5d1185792b", "Won"),
("712165c8-9e27-4955-95aa-9b9b236818ee", "Won"),
("2e90526d-12a6-4ade-9120-cb94314ea7e6", "Lost In Play"),
("7f4099bb-70d6-498c-9333-87f77d1a240b", "Won"),
("2f45cfee-6449-4648-b6cc-6b5c883dccd4", "Won"),
("65d87d86-e9a6-4029-baad-542b3e34f0e4", "Lost In Play"),
("1c555283-adfa-4be9-b926-827793632b2a", "Won"),
("43fced68-5abc-497c-adcc-aaa4cfc95f8d", "Lost In Play"),
("6b7919a3-0025-423e-8add-85ff63019807", "Success In Play"),
("1c4fd9db-4db1-45c5-8d8c-3991ed9a54ee", "Won"),
("f513dde9-c701-4494-a054-496d618a7c8c", "Won"),
("b73f86cc-0d0c-4705-af46-52f477d3b223", "Success In Play"),
("391372c9-9702-4c6f-a0c8-a975caf86875", "Lost Out"),
("1bb0055b-5d50-44bc-b138-9fae349fce90", "Success In Play"),
("3daf65d1-f20f-4342-917e-d67737d3cb9b", "Lost Out"),
("8d35dac7-072e-4b30-b917-fca331e0938b", "Lost In Play"),
("b7f9289b-aa59-434f-869e-21c00336b210", "Success In Play"),
("70f063a0-c54b-4080-9e7e-0a503c4716b1", "Won"),
("ca8ccdf2-73b1-4b33-9a0d-f54857930871", "Lost In Play"),
("e67c856c-9fb9-4148-94c1-de8d10db299d", "Won"),
("dc43b3d3-3c7f-4b00-800f-b184fd318efa", "Lost In Play"),
("ed0f1bfc-ab86-4099-8e91-4c030496d108", "Lost Out"),
("76789e26-f700-4ccd-9478-d89ced3076e1", "Won"),
("78864ced-914b-4547-af41-85f22fcf69e3", "Lost In Play"),
("890531ee-90f4-4c01-a619-a9ff76fa247d", "Won"),
("f84e3d7b-98c9-478e-8d47-c1e153926205", "Success In Play"),
("4a7565f4-1fad-4a53-ae8b-9c3e0a7ab244", "Won"),
("4746a1e9-8c09-4c41-88dd-72d24b45143b", "Success In Play"),
("b7f7a2b1-6eba-40b7-91df-c08bf8472611", "Lost In Play"),
("c00db9a5-f0b4-4688-aff2-19e4a107ab66", "Won"),
("b0d5fa93-eed0-4929-9058-b3f6d5e8f951", "Won"),
("dc22085b-6c77-47d8-b4cd-39711b49349b", "Lost In Play"),
("a0844f56-c04c-4192-96e6-b2dcb1220fca", "Won"),
("06094523-c004-4da0-a0b7-09ea993e9f37", "Success In Play"),
("084726ae-3646-4d40-a6ae-dac35a0b5fd1", "Won"),
("ba0e409f-f1f5-4050-9647-c2c5a5c94d45", "Lost In Play"),
("44d73ba6-2da5-421b-820f-0db5791911c7", "Success In Play"),
("28935fac-7968-4fe8-9fd8-246cfc5d7ae5", "Won"),
("68f5d0b4-9ab9-4cf2-b331-52861ca393cd", "Success In Play"),
("cd1009e1-9a42-4949-82aa-0ba6222fa8c5", "Won"),
("e2a5e788-81b0-4a43-ab33-86fdccf825ae", "Lost In Play"),
("c2fdcf48-6ac9-4dc9-82b9-1f3671438953", "Success In Play"),
("4d920847-26ab-4435-af4a-60891e4a4218", "Won"),
("d98c7838-e5e4-491a-ab98-943cbb383470", "Success In Play"),
("b64a4a82-9b9f-41ba-a722-1aad1f1ee598", "Won"),
("d8cf7216-e7df-4049-aed8-df933f9a6921", "Won"),
("6688722d-99f4-40a8-b3d8-b253f7cd6b14", "Success In Play"),
("646a844d-9b0f-41b1-bd8d-cd94a64e082d", "Lost Out"),
("e58622ba-d936-434f-b466-3f5e52a9f46d", "Success In Play"),
("55bc7f94-9cb2-438a-a565-8732eafceb81", "Success In Play"),
("0632ceaa-7742-4710-9645-f7c763ae4de0", "Success In Play"),
("da3d2b25-488f-4ee5-819f-6030f8944043", "Lost Out"),
("97a56ef0-6b6c-4904-9949-84a0c5897f1a", "Lost In Play"),
("fe1e9245-8f0e-46a4-94da-7fca711b5337", "Lost In Play"),
("d909f6a9-b691-4623-b73b-b895cf6fe79c", "Won"),
("a2e23f18-25cf-4a11-b345-5c7a1a6670e9", "Won"),
("2a20eae1-f329-459e-9da0-5ccff909ba9b", "Lost In Play"),
("2b34a9f2-d4c9-4d96-b52b-e0601ec77dfa", "Success In Play"),
("6755c425-f95e-46fd-9eaa-6e0356c2b724", "Success In Play"),
("4e9f94d3-33bc-452a-89b4-a09128d339a6", "Success In Play"),
("b8d8db81-02df-4aea-ac65-b90e62ef614f", "Won"),
("c8f04cb7-ebf2-431c-bdcf-8e905c25c24b", "Won"),
("3538ae19-6779-4b1e-842b-1aaf0ff41648", "Lost In Play"),
("53df3e94-ac32-4f3e-9101-849500d22199", "Won"),
("bb28dd56-54b9-47c8-bea0-af29c32297b6", "Won"),
("a339ee61-c7fb-499b-9b7b-b052dd8cf819", "Success In Play"),
("297c98c5-4b59-44f8-bbf4-d3520bba112d", "Lost In Play"),
("18d01604-3351-459b-975a-7c7085990818", "Won"),
("1a10bf2f-d29d-484d-96e7-767f9df68692", "Won"),
("6d40044d-2f87-4024-a624-04bb757a2c01", "Won"),
("dddd81d6-56e8-40ea-9fab-748f3681baff", "Lost In Play"),
("9f312142-f1d1-4325-88d9-1dec14a3dc93", "Won"),
("623ff722-4705-462b-a7d9-6a11ee960da2", "Won"),
("5526b7e8-c185-4fe8-bb57-5f962cc5d525", "Won"),
("76913f1b-8b58-45c4-98aa-c789f41f5d91", "Success In Play"),
("47c5df94-8378-4c76-995f-64068a07e07f", "Won"),
("60c4ab6a-1894-42da-be66-c5ba3ca5a98a", "Won"),
("ac236fad-2993-4cdf-a88d-880e9ac743a2", "Won"),
("362c9a9e-8dff-4123-bc8b-2c7975328925", "Success In Play"),
("2b9a16cb-9d49-4b4c-9f8e-3a30e91bf32e", "Won"),
("3617abe7-61cd-45ab-8877-a71c30f07e95", "Won"),
("220a88f2-0902-4bab-8745-c0422023629b", "Won"),
("a31eecf3-1c47-4ae5-98ed-d1a483a1b2df", "Won"),
("bbb1aa65-8f7c-401f-9ebf-89bd7d8db0a2", "Won"),
("47cb4549-c0a4-4d3c-b38e-71a426d71253", "Won"),
("6dc47df2-f160-43fb-9adf-28cfad6ff689", "Lost In Play"),
("985969fc-c7d2-445a-b87b-8821203205e3", "Success In Play"),
("d18f472e-472c-4559-bab0-41ddea79a6c3", "Won"),
("e70b0b9a-e46a-4a28-8569-2f85a567e8d0", "Won"),
("e38c2fc0-69da-4fbd-9061-cf229d838579", "Won"),
("ae397a38-8c9b-486a-adbb-55e4de664ebd", "Success In Play"),
("68a077c3-a4c9-4d26-89c6-c84ca180cfec", "Lost Out"),
("c458652b-b389-473f-a23b-fe1698326f41", "Won"),
("0f3e77f4-7447-41a0-a62f-1bdfaad4e5ca", "Won"),
("9186889f-d554-4881-aac1-178e9c2053ae", "Success In Play"),
("5d6898ee-ae6c-420b-99a3-c5b2bc7a040b", "Lost In Play"),
("3b2542a9-ea2b-4230-afd6-e0c0de66ba45", "Lost Out"),
("82099e55-a7ae-4213-ac5c-42ddcaa0d7c1", "Lost In Play"),
("b130ed52-7446-4723-9685-d9cc0a699bcb", "Won"),
("f494091e-006f-47c7-942f-bbdd31646069", "Success In Play"),
("e625d55e-79ce-49a1-af8f-29fc82ece841", "Success In Play"),
("1cb3c824-0b26-4f82-8eb3-350bdb51ac45", "Success In Play"),
("4b59c177-7639-4a23-8c1c-5c32b34cdef7", "Success In Play"),
("93cb769d-4c7e-45f3-89d6-dd3a40190f0c", "Won"),
("79c750f5-ae29-49a1-863a-b40c12ac7b07", "Lost Out"),
("8bcd26c4-c702-48b0-945e-380805c54b55", "Lost In Play"),
("6c7ed9b3-29e5-4df4-9d04-70ff2692fcbc", "Lost Out"),
("32d79bce-d32a-477e-b5a6-ac243e700dc4", "Success In Play"),
("84e4eb83-3b83-495a-b560-fba4ed7e2fc5", "Success In Play"),
("a10406f5-fec3-48ed-991f-92a3313082d4", "Lost In Play"),
("ba528f3e-43cd-4cc3-aae3-4cb2ef78ca31", "Success In Play"),
("965a385f-eb21-433b-9648-c57b82a8513c", "Lost In Play"),
("a2ab346b-4bdf-4c87-a257-6fdf11e91b0d", "Won"),
("c4f75dff-d328-40ef-9aba-9dcb7b5568ea", "Won"),
("9cc2f872-9813-4a37-a6e5-5e7487ad89c8", "Won"),
("6d353aee-4a65-4abf-9a7a-c1a2746878ee", "Won"),
("238e52b8-db45-47f6-94ee-c77f3f23a3ef", "Lost Out"),
("c1ebcebe-c3a2-4cef-93df-ac68b84d11f5", "Won"),
("960a34a0-90c1-401b-9427-a2c88b982a0a", "Won"),
("2f752684-3946-44dd-b6d7-89b891d1fe6f", "Won"),
("2fabde5f-617e-4864-b4a2-e333e7075c8a", "Success In Play"),
("abe31bae-f47c-4d72-9eea-c26e6d54fa59", "Won"),
("a061ff94-ce74-4359-9901-5494e429c2ff", "Success In Play"),
("9655070a-8cb4-4e7f-a3f3-ad4df184a554", "Won"),
("d8caaf00-d9b6-463e-9535-c89382b49cd8", "Won"),
("a2710fdc-14dc-497d-b7e8-9ae42d139ab4", "Won"),
("294afe35-a4a5-4deb-8128-8557f860915e", "Lost Out"),
("9fac0525-36c3-4889-b64f-6624e5b8667e", "Lost In Play"),
("60f70187-82c2-4f09-953b-a7180ddb9b48", "Lost In Play"),
("1cc39e8b-702f-48ef-b842-0f3606557967", "Success In Play"),
("50e0f8f8-6806-4c6a-b251-e84687d3f0c9", "Lost In Play"),
("edfc637b-2505-4f25-a676-89b70453eec6", "Won"),
("a9f00f19-4c01-47c1-b451-0513762a6b04", "Lost Out"),
("640085f4-8014-4595-9be6-09b2eebd188e", "Lost Out"),
("084df69c-253b-47bc-99fa-b6c3e5a40c3f", "Success In Play"),
("cfd18d82-4d75-46f3-ae9f-70a3f1648e98", "Won"),
("59da3200-da0c-4331-a1f3-c2cb1487a42a", "Success In Play"),
("7cadf87a-7f3a-404c-8676-8f24689aebe7", "Lost Out"),
("294e744d-ba0d-43c5-89f2-463283ad064e", "Lost In Play"),
("912e6040-583c-480f-b366-330900ebc443", "Won"),
("9d573e2e-7f53-4edf-aaea-55ccc7d08a36", "Won"),
("a291b5a3-73f4-4a6e-8e62-40cd16498499", "Won"),
("45e217aa-5083-4da1-85da-443f4489049a", "Success In Play"),
("55fbe260-00c1-4731-8b44-d56ac606b0b2", "Success In Play"),
("0818a158-8327-437d-85fe-0c7dd78d7890", "Success In Play"),
("7e1f7764-7dfe-4bd0-a0a5-77146c32ea9f", "Lost In Play"),
("46e50fbb-fbee-47e1-a639-4bc615eca894", "Success In Play"),
("4eb72c48-d604-47f4-8680-8cd41d3dd34a", "Won"),
("d2512efb-8eda-45b0-b37c-3c7313483521", "Lost Out"),
("e84d72ca-b0f0-4de2-9e6d-0676a30e9b01", "Won"),
("3e5120fc-e087-4260-9985-957058f7d84c", "Won"),
("81b88416-8901-4374-b3b7-83fada438d37", "Lost In Play"),
("bcd7c6a6-79b1-4267-8883-9b6eca9e0079", "Won"),
("ea1363e8-a0bd-4a75-ae60-3378685cbbbf", "Won"),
("4b5d2d54-730d-4699-a3dc-20ac143e54d0", "Lost In Play"),
("829d59e6-230d-4165-b0e5-2987c35bf0d7", "Lost In Play"),
("b71bf0f8-c6bc-4d30-bf70-2b65d76d5996", "Won"),
("3bd8ca70-80e2-4efb-b097-94f8e49588c7", "Won"),
("13e856bb-b6c0-47f2-8df8-5476bc714bcf", "Success In Play"),
("f6cf44e6-2848-4ac8-8ded-2ff681e2bd56", "Lost In Play"),
("71e05507-549b-4cc4-82c7-96cce6e5591b", "Success In Play"),
("88d02036-d3db-40ee-b0c1-bcb05cdc8db4", "Won"),
("e8b28452-1f96-4d26-b52a-c4609e48be77", "Won"),
("5b95ace9-328a-444b-b207-e62f1b44dbf0", "Won"),
("65dc9419-d647-4349-b194-56445e5d5894", "Lost In Play"),
("44d11beb-b2d3-4106-9c07-73ad8aaa1a89", "Won"),
("0443540d-0a7b-4eea-a445-ee2d71a0cc34", "Success In Play"),
("7e315a9c-5126-483c-8c37-7d543e5c2510", "Won"),
("1f16b819-4200-4a78-bde9-f445de134f87", "Success Out"),
("b32807a8-a89b-43b0-ab81-c1a88237d693", "Success In Play"),
("84dc2979-3fee-43db-9c41-3b9978abef32", "Success In Play"),
("b0f8bb1d-787c-4eb5-ae32-273a9dddf48d", "Won"),
("9e74e7a5-f397-49e4-afa4-54b3e1701b09", "Won"),
("c365d9ec-213c-4a86-a0f8-f9cca827fe96", "Won"),
("50aa4704-3e22-485d-a61b-38309ada0466", "Lost In Play"),
("ac3be066-5655-4fc5-aee2-333716300c64", "Lost In Play"),
("97e180dc-35df-4181-91aa-9ea993c5da29", "Lost In Play"),
("55f3d715-ea3d-46e1-906a-8f94f958d622", "Won"),
("956f2244-5513-4a40-86a5-4cf22c1c60f6", "Lost In Play"),
("0ab56f9b-5e01-4f05-86b9-3fb916cc959e", "Success In Play"),
("652963bd-5696-4b7d-9570-e5bd3ace9a6f", "Lost In Play"),
("1486ca20-4042-4ef1-92d5-975032dc7fbd", "Won"),
("80c05a13-34c0-4ea8-ad71-ebb6fbeadcc4", "Lost Out"),
("5313e6f9-7db5-4ae4-bf2d-acc58f337cd9", "Won"),
("5d5e7319-6fdc-42d9-8142-90059ddfee81", "Won"),
("720fa169-f677-43be-89d3-daa2fbb19602", "Success In Play"),
("b0459784-3acd-41ee-983b-7acc5f795ff4", "Success In Play"),
("17d88c57-38b5-4783-9830-ecdb6b0cf590", "Lost In Play"),
("39dcd150-52ef-4a16-9990-017fd79e9ac1", "Lost In Play"),
("77fef42b-14b7-4290-a3b3-3f948307b110", "Success In Play"),
("5521f07e-ccb6-4476-815d-f4c6b9228bee", "Success In Play"),
("7d96fb34-347c-44ec-b721-40c829b454d2", "Won"),
("19d8fcb3-e7a4-4b9c-9a06-6e0864269b08", "Lost Out"),
("3aae2e9e-be88-4cbf-bea9-0d057a780bb5", "Success In Play"),
("0522e618-1dbc-48a3-a792-aecbcfda4d47", "Lost In Play"),
("6ab54f87-531c-41c0-a64e-300f88c645d8", "Success In Play"),
("4592c436-e4bc-4e83-89d5-791fd82b43b7", "Won"),
("3d9e7577-e9d4-4a0d-b334-717c62aa69ad", "Won"),
("d3f33d65-b53e-4c5f-8cbd-22c70718d7e3", "Lost In Play"),
("ce43ce5f-beb2-449c-866d-8c67c0c29ac8", "Success In Play"),
("ba828d2e-d587-4ff6-b02f-2ead5b7359ee", "Lost Out"),
("94ee9a08-0b3b-45f3-8b51-910722653209", "Lost In Play"),
("32b65425-c425-4ec0-930f-075773c8b0ad", "Won"),
("c5307869-e75b-4ac5-a9e9-1629ec75e751", "Won"),
("cbe99b3f-1f0e-4d67-a16a-6774d408966d", "Won"),
("1f9427d3-75c3-4c93-a874-282d738829a6", "Lost In Play"),
("450cf527-9cb4-4abc-8041-39b980a1fe49", "Won"),
("cd3ee429-8a40-46a0-b2cc-ea002fa23826", "Won"),
("cd1634d4-4a45-4bd5-996e-defe14158316", "Lost In Play"),
("8307f326-bf11-46f9-b24d-6aba49691d96", "Won"),
("81be105a-be10-4cb2-8a15-2f2f04242942", "Won"),
("4dff754f-8ec6-449f-991a-6f7f4f679317", "Won"),
("28bef0d4-5f46-456b-a05b-338d8b5e3663", "Lost In Play"),
("f1767201-102f-451b-851c-3b2581aa9b04", "Won"),
("208afd42-dd9f-4787-9218-25ff0ca559d0", "Success In Play"),
("4f69a682-a2d8-4ed2-8666-24f1b280bc7f", "Won"),
("201f24a2-cd5f-4363-af60-799054e8e1a9", "Lost Out"),
("c4ecbc25-2e13-4b80-bddd-ca0c5dc379ef", "Lost In Play"),
("95fa92ba-2f78-4a3f-86c9-ac4381e6e0a5", "Lost In Play"),
("025c587b-d0d0-4f25-b3cf-8cdfe817a108", "Lost Out"),
("a3a6be7e-9d6b-4e97-b12c-f629115efe3d", "Won"),
("b802a095-5883-4303-b7b7-db3d4e375018", "Lost Out"),
("3d939331-9506-4d64-a4de-2c9221721d1b", "Lost Out"),
("71fee0e6-dcc7-4c0e-bb7b-54e0e4a20963", "Lost Out"),
("7e3d437d-ddc4-4ef5-9875-1345bc87a0bd", "Success In Play"),
("304b7ab1-c927-4918-b736-9fefb08040a6", "Success In Play"),
("5d60ffb8-c4dc-4612-ade7-a15b484efce1", "Lost Out"),
("f26d008c-2f62-4dbf-ba65-3eaa934ad4d3", "Lost In Play"),
("7a5db641-c870-48dc-af00-f84e951de690", "Lost In Play"),
("758aaf7f-c87f-4202-b3a0-93659b199c68", "Lost In Play"),
("49c06ac9-d215-443a-9578-15a2fe0e3531", "Success In Play"),
("7e463ce3-4c4b-4460-88f1-68db36d095a0", "Success In Play"),
("b7e883db-5204-4595-860a-80219da98ab6", "Lost In Play"),
("fbb38dae-d11f-45f0-842a-b67fe1642154", "Success In Play"),
("7f14c0a1-ec5e-4dbf-a828-9f734e2d6dab", "Lost Out"),
("eb56f4f1-43b1-44e1-b79d-cf60731edbc7", "Won"),
("a9b8f99f-f2c9-4e6c-854a-57d518888207", "Lost In Play"),
("a2e16458-b00d-4155-b38f-358067e8dbb4", "Success In Play"),
("8cbb359d-ebc9-4824-b92e-fa9d070839e9", "Success In Play"),
("a9cd444d-79fc-4754-b58a-03a33fa0cbb8", "Success In Play"),
("a3cd0a8a-4f85-49d5-91ac-0c7d670a4d71", "Won"),
("b319b352-1d33-4b2c-8489-a5d797fd499b", "Lost In Play"),
("ec9d66d6-b37f-4840-a0ec-d1bcad654102", "Won"),
("c14deb73-3ed2-4ebe-ad50-ec7dff496d8c", "Lost Out"),
("e8352174-e467-479f-a3ae-fc81c72db381", "Won"),
("04d18b67-1978-4f31-95a4-eb3cb240d368", "Won"),
("3031ff61-37e4-4022-a090-fe218457f3bf", "Won"),
("6e2d10ad-3248-45c1-af74-221db8cb10a0", "Lost Out"),
("a3c677cf-038e-4d3c-9cd1-ca3345f85ff3", "Success In Play"),
("09079cfa-6790-4f31-acbb-9dc122106a75", "Lost Out"),
("dd7e85af-8a4b-4eb3-a730-ad15a47dc36b", "Lost In Play"),
("9566a284-291b-4ffd-9967-c4a1a7451c78", "Success In Play"),
("bb332e57-51a7-4862-bac4-695e81ff4681", "Won"),
("697f10a2-6b31-4db7-9e78-0cbdd3a5f2d7", "Lost In Play"),
("7b6c9fe4-4951-485b-95d1-f80112faf8ca", "Success In Play"),
("4b4c16a7-672c-4bbf-8c12-e63823e7b893", "Lost Out"),
("cff69c27-3215-4845-a82e-a019ca0b113f", "Lost In Play"),
("55841e37-f62d-4b73-8f1e-ac7397782404", "Won"),
("0d843e19-c949-4b82-a5b7-99a8083e9ab1", "Won"),
("7b9cb46b-8873-4d9d-bb96-eff338cc6658", "Won"),
("4f0b8065-3634-485a-9fb4-9725af0d00e9", "Success In Play"),
("15121219-f08c-44d8-ab82-cf068a76db4c", "Lost In Play"),
("e0c5023d-d608-4925-bd3b-e9aed12f2781", "Lost In Play"),
("38364970-d0f3-464e-90d0-ec00cab28712", "Won"),
("8ab9291d-e47f-4bc1-a97c-07ba2ee88c06", "Lost Out"),
("ca6398be-8724-489e-bb41-3a15a5cda42c", "Success In Play"),
("4d998576-8861-47e9-ac08-91adeea0d824", "Lost In Play"),
("ee843441-c562-43aa-bc67-46154be375f4", "Success In Play"),
("1f2c65d6-07f1-4155-b063-8ae1bcf6959e", "Success In Play"),
("3765c1f6-41b8-40e8-9feb-9008939f7f64", "Lost In Play"),
("af0f6f23-48c1-4bc5-b06b-e94736e16358", "Won"),
("6b9a04fb-cec2-42e3-b7be-78158572d37a", "Lost In Play"),
("092657b1-6bf8-4a99-b030-4f232365f3ed", "Success In Play"),
("4f21006f-3ef1-4055-893b-978e32bc4ebb", "Won"),
("198b7622-f109-4151-96f1-6303df7955d7", "Won"),
("8177a754-3906-4a20-a3ec-067cad629e2b", "Won"),
("527dafb6-5d7c-42f1-b9c0-0036f639e1a5", "Won"),
("fc50fe79-dada-4f74-b08a-2dd707aaa916", "Success In Play"),
("275c8ace-3d6e-4efe-977d-fac51473e386", "Lost Out"),
("144c8b79-c19b-4c54-a394-e34464315dce", "Success In Play"),
("1eae5bbc-2fc7-46f2-9cd6-2bed8430ad3e", "Lost In Play"),
("945a4f02-e48b-4be3-9b43-2191fa790ca9", "Lost In Play"),
("feb1028f-25de-4dac-a5ab-8dc7b19b2d91", "Lost In Play"),
("a7764ee6-641a-4d96-9414-b4c436f2e159", "Won"),
("5baa889f-2c3a-400c-893a-235dceb05bde", "Won"),
("295e688a-67cb-40b0-8235-ca2543310cb8", "Won"),
("a25d6964-06b9-430e-a424-04ca8a75b19b", "Success In Play"),
("f9d4eba7-9b57-411e-8b97-4d71d13cb8ec", "Won"),
("5e3bd486-6c44-4657-8dc7-0aeae190b0ce", "Lost In Play"),
("a928ef5e-81fb-492d-9e5d-74c97b91aaa4", "Lost In Play"),
("a22e908f-da0f-43fd-9b12-60684c68d390", "Won"),
("68bdee7d-4acb-4ec2-8df2-b4b492002723", "Won"),
("e5e2abe7-1224-453e-bd23-6299caa8d0c6", "Won"),
("1aa7ff2b-f679-4b13-88c2-ab0fca0e0294", "Lost In Play"),
("bd808651-d946-4716-81ab-fbe61fa9e93f", "Won"),
("2faa2cb3-51fe-4e28-a2db-0009d6314527", "Lost In Play"),
("83ffaa65-d48e-4c6b-8c39-e5c35028e663", "Success In Play"),
("a4b3001f-5a0c-4fee-b1c8-24943b9d5273", "Won"),
("e21c854a-5aa0-4114-ae2f-d6f9f4e5ca6e", "Won"),
("9acfd9b5-dced-4e86-b1e5-f0db13d7b947", "Success In Play"),
("54326f61-9fbf-4a64-89a8-0513766e0920", "Won"),
("0b5ade77-bc9d-470d-a5e1-aabdc9c09598", "Lost In Play"),
("4b06947a-8ce3-4b79-8716-e1a01cea9b6e", "Success In Play"),
("ae121ef6-6388-4dd3-98da-199762c36755", "Lost Out"),
("be7a55e7-c7c7-4ab4-bff6-398f0938e3dc", "Won"),
("b09d257e-1618-4e71-bb96-3da913f842cf", "Lost Out"),
("57d49f86-41b6-4bf7-b1df-7eea41ae4672", "Won"),
("9a1cb97a-79e6-4a56-955a-e5a27c12a668", "Success In Play"),
("7c420a14-b606-4c4c-ac2a-355680a8f266", "Lost In Play"),
("f54c0cea-56da-4c32-a20e-6aa199b3d0a8", "Won"),
("d04248c5-b32f-4db4-ba72-5b745e1067ff", "Success In Play"),
("2165a546-a562-44c2-94f7-d49750385802", "Success In Play"),
("176998ce-ebe4-4a58-8185-375044b402c4", "Lost Out"),
("7999ba27-6ed2-4ac2-bd98-ae74d053e5be", "Won"),
("12da84a5-181d-4800-b9c4-09b4a404dc41", "Won"),
("e1e8b587-65e4-4242-9565-df8e53a56af9", "Lost Out"),
("b7c9aa61-303d-4d69-89a1-34edc2ab26d3", "Won"),
("4da75527-6841-4c07-bd7f-0ceb4bf8e4c3", "Won"),
("48678824-65f1-49f6-bac1-8f2bd16ffcc0", "Lost Out"),
("8bde252f-e3fc-4a28-8dff-62d018d69fef", "Success In Play"),
("d2667af5-4eec-480a-8560-fb69aaf777e8", "Won"),
("572f49e7-d3c1-4596-b3e9-d3999c0c4a8d", "Won"),
("fa1088e0-aeb4-4106-8b9e-8f8d962b9035", "Success In Play"),
("852d8397-20e6-4b24-9d25-55d9ac6c2819", "Success In Play"),
("33a0aed0-f0d0-4c13-81a2-f5a1b24a0bd5", "Success In Play"),
("45e7fa98-ef5e-497f-8437-7150c507adec", "Won"),
("b985ec04-4a38-462e-b2e1-fcc58350e978", "Won"),
("8f27502d-54a1-4a84-b575-b1fdb6ca9b88", "Lost In Play"),
("e29aa6e7-3cc6-4c61-bfb3-845722f603c4", "Lost Out"),
("39b0a88f-c1bd-4f39-a1d8-7a58a9815b42", "Lost In Play"),
("279549f2-720e-4a46-84f1-def04c1707e6", "Won"),
("22acee21-beff-4ad3-a6c7-4fbc0af1ecde", "Success In Play"),
("5d81f803-e905-4d19-93fa-64c5cf9734a5", "Won"),
("3b5dca1a-95cd-4185-a25d-70818d1c48ee", "Success In Play"),
("5bb193a4-d2c6-431d-b40b-1da591caf6d0", "Won"),
("12a02873-a75c-4503-b609-cc7b8fec124f", "Success In Play"),
("2e7aee0a-d57b-415f-aaf6-3fb296cd3463", "Lost In Play"),
("2c515f81-99fe-4a4b-b320-ea8f27047285", "Won"),
("a55e21c5-afe4-4530-8321-d676f02cc77e", "Lost Out"),
("d9f473ec-9547-4775-a4a4-01b0f6190319", "Lost Out"),
("b6888d35-f1f4-42bd-9fcf-64df2afba730", "Success In Play"),
("136532b3-8d8c-432d-8b5d-85bc708d41a0", "Won"),
("35855ea7-1215-48e8-a3cd-5e9049b6e639", "Success In Play"),
("82ebf1d8-d138-45a7-8b8d-e4445457476c", "Lost In Play"),
("0f41ae1c-35d3-47c1-81d6-8f308eafecf5", "Won"),
("0017e345-977c-4bb3-8b76-e963c62d3109", "Success In Play"),
("5c3f7b05-20e3-48d0-916b-85b2d50053dd", "Won"),
("1de92202-aed7-4f0e-ace5-2309a23ef774", "Lost Out"),
("77bff165-d467-4322-96c1-2555abf835a8", "Lost Out"),
("9e545185-1176-4e03-9fa1-070679f75c84", "Success In Play"),
("400a6363-3fa0-4a22-8e1e-cd889905f7e9", "Won"),
("acffd905-aa2d-4cdc-9500-e2328858c6ac", "Won"),
("3574b3cd-f6e0-45aa-aa2a-c1d60a8cd29a", "Won"),
("944ea0c8-e3fd-4b03-8ed4-3b6570ce15f1", "Success In Play"),
("8b3702bb-07a1-4a52-8662-4a8a20ff4d2c", "Won"),
("6d87f5ba-2ce8-4f6f-932b-d3e630cd833d", "Success In Play"),
("38e89c06-d0d4-4074-b40c-4b0f06e857d2", "Lost In Play"),
("c6075bb8-4680-40a8-83ce-33a274c2f8a5", "Success In Play"),
("c537a932-52eb-4992-b931-4188205bdd6f", "Lost In Play"),
("65e6178e-5d19-4231-8a1a-56aaa9af250e", "Lost In Play"),
("a0212ec8-992a-414d-b120-12a76135720c", "Success In Play"),
("46fee8f7-cd4b-4ac6-b7c1-d75e35e780a3", "Won"),
("bf3561c0-3c16-41bc-9afe-12d9973bfa79", "Success In Play"),
("f39b7e67-deb9-4ad0-a9bd-cbc968a26a30", "Won"),
("83df2d76-8610-4489-aa81-2c06af2239bd", "Won"),
("55359fae-f0ad-4d28-b28b-c3bbf2d5f995", "Won"),
("d7a3c4ef-f863-4b1d-ba02-262ff85efbbc", "Lost In Play"),
("a1e2a371-3453-4e70-9370-978a5bafdf23", "Won"),
("971cd201-e9d0-4f4c-af2c-207402fa7d7b", "Won"),
("259874ff-0a50-4487-9a51-efdbceba4ed9", "Lost In Play"),
("fffebde4-ed18-42d5-9608-55fc0fac7fc2", "Won"),
("bfe20309-7749-4513-8a69-bf15540e74bb", "Won"),
("a59dd7cd-ed71-4a2b-893e-a72ba36a7df4", "Success In Play"),
("31c057ad-e784-4b80-9146-c666e20930d8", "Lost Out"),
("ceee8068-27b7-4db8-b422-92bd9b4cc4e0", "Won"),
("4b59fe60-fc76-466c-a952-aecdf3b55512", "Success In Play"),
("69305cda-09d4-4e36-92c4-08a291c4a09a", "Lost In Play"),
("f01cc3d7-644f-43e0-b612-4b3e4c0c55b1", "Success In Play"),
("d40ecc97-575d-46be-9de2-d534ae3c114c", "Won"),
("487ad8e7-6f93-4462-a63b-70150740dc45", "Won"),
("a76ae527-b1a1-46a8-9d0c-1bd38a38338f", "Won"),
("fc9759db-6157-4d84-b7d4-5d2ed4a69781", "Won"),
("9424b2e1-383e-40d8-858e-0ec940ac3d83", "Lost In Play"),
("19a3d924-3e55-4511-9af3-1b3b945bfb45", "Won"),
("55cd8a80-f1df-4781-995d-906fec12518d", "Lost Out"),
("bb4bad08-b48a-4a9e-85cb-809a58ef1ded", "Lost In Play"),
("94ba68ca-c247-434f-a653-b6b2ea789126", "Won"),
("0cca98b3-a078-47e7-9c48-4963abbf0c92", "Won"),
("7e104e9d-43b4-442a-9ba8-458a3c665f5a", "Won"),
("1bf9bca0-224a-4092-8054-e22af54039c7", "Success In Play"),
("009295a4-2709-4df3-9a96-9de64c1aa7aa", "Lost In Play"),
("6620d9c8-fd70-454b-9f3b-c67f0a3d5fe4", "Won"),
("89cd7b33-6792-4ce7-9aa0-a2541ddfe44c", "Won"),
("83411dca-74d1-47d5-894a-c662d9e46cbb", "Won"),
("0bf0aeca-5a15-4190-8dbd-02aa4ceee35d", "Success In Play"),
("aa65c15a-97fc-485a-9f7a-86bc07b4854c", "Won"),
("f742b59e-8847-47f4-8abc-02dbb03a4f53", "Won"),
("d6589e53-a5c2-4a1f-a124-bc52422b88b7", "Lost In Play"),
("86656fd1-cb49-42ac-87f4-6059e7637f1b", "Success In Play"),
("734f9295-aa5e-494b-8673-b4068b32b36b", "Success In Play"),
("22a4be8d-c3a5-4af1-ab25-33e67e7734c2", "Success In Play"),
("d98f721d-83aa-4d13-ad54-2e9658ab2a80", "Success In Play"),
("27310ff8-44cc-4db7-b392-f8ddc0a754ee", "Success In Play"),
("74fd309e-8697-492f-8a5c-0f2fa40feab3", "Won"),
("b050e0f6-2d1f-407e-993c-977fa0fadbc6", "Won"),
("2f1eeed2-e102-462b-9daf-8479c19a36f5", "Won"),
("d1607dc7-69f7-40f1-bc4e-32610b3971b1", "Success In Play"),
("ad76efbd-0021-4547-99f3-6999c85cc7ca", "Success In Play"),
("0daf10db-640b-4b7a-ad74-9ed727966bdc", "Won"),
("cc7b4d78-9e35-4d8d-9bc6-f1b160b9be07", "Won"),
("159c6706-e21e-4fbf-b47b-ef71d631a73c", "Won"),
("97f37dcd-4fe4-4ede-8ff3-701623d5fa2c", "Lost Out"),
("0cfb1da6-ffd2-4dc4-b6e7-36808523d64e", "Won"),
("ae29774d-7011-4d91-b467-e97d0f9c05d3", "Lost In Play"),
("aeb6e48a-05e1-413c-a9a3-dc4855763dd6", "Won"),
("ef0393a8-943b-407e-b496-827d11029007", "Lost In Play"),
("0bd55ae0-255c-4937-9180-a8a100618c50", "Won"),
("3efc0947-2390-4286-8b12-cde76f2eabb8", "Won"),
("61eeb771-6cf8-46a5-918a-bd14896b53ae", "Success In Play"),
("7a9f8933-a6c6-4b66-bcc6-0800eb0ebfb5", "Lost In Play"),
("a5d676b6-d3b6-44e6-8033-8542fc133ae8", "Success In Play"),
("caf663cb-4e98-453c-bab0-cd6cd19aae9c", "Success In Play"),
("3ce38716-8b6a-4f81-851c-24fe290eb088", "Won"),
("e0b6d257-91f8-4e11-bcb7-312e08daa40a", "Lost In Play"),
("7b11d1e1-d9d1-4e2f-b1cc-8c8737a71752", "Won"),
("d3e82749-1ffc-4271-9cc9-6693eb782c91", "Success In Play"),
("2be749d8-8f15-4dd9-a2b0-d50c6186b835", "Won"),
("f41ff972-4994-4a4a-86d0-e6821f9fbfa2", "Lost In Play"),
("a1e988ad-5881-48ae-8812-ad8c1f680973", "Won"),
("597c35e5-2b66-4de1-978e-0501e987f42e", "Lost In Play"),
("9299efa1-d7f1-4804-a253-6b0a354448e5", "Lost In Play"),
("38da686b-1cd5-4760-9d03-e0a610ca8b69", "Success In Play"),
("099a2dd1-a4a9-4975-ad7b-242c2ea80921", "Success In Play"),
("0911ff86-6819-4ac1-95a7-62493c05c025", "Won"),
("10c95795-fe3a-4d0e-ad4c-c56f643e7927", "Won"),
("00908b06-4d96-4aa8-9cfc-1c6add6ab92d", "Success In Play"),
("412be02a-a4b1-470d-90e2-c4748f6827bd", "Lost In Play"),
("84f48761-3640-4f60-b1ca-d1b7ac677c6a", "Success In Play"),
("2c8c2dcb-2578-4e75-a09e-cd308452d10e", "Won"),
("bd23b500-6ef5-4c5c-a4a1-a2b0e895df76", "Lost In Play"),
("70cbd81b-bb1d-4e60-bb40-5f0e1e753e3a", "Success In Play"),
("f31f915c-5daf-4be3-8976-8c462bc8d83b", "Success In Play"),
("858281bf-26e2-494c-82a5-62822f80e0b8", "Won"),
("b4c9789d-7911-4e77-9935-b3cf947dd67f", "Success In Play"),
("dc85d6e5-9977-4731-9537-4952778b3171", "Won"),
("a903335b-ab2e-4a8e-a065-64aa9e69b888", "Lost In Play"),
("0f6292fb-59d4-4efa-87d2-11c3b160da95", "Lost In Play"),
("052357b3-602a-466e-94fc-6aeed2a59979", "Won"),
("01551287-f0e4-4d9e-ac24-a60d7fc9ac7c", "Won"),
("94d15c0a-8a4b-46ac-9766-4032c6269077", "Success In Play"),
("e0fc3af0-55bd-44a4-ac4d-030fffbc30a6", "Won"),
("a3caf676-6283-49e2-8b95-a76295d78edc", "Lost In Play"),
("d87cf576-0f25-4001-9876-ad6ffb7019ec", "Lost In Play"),
("72c7ddd9-89a2-4ce5-b9f3-ee0bb2325cd4", "Success In Play"),
("f9e22fa0-f764-4e35-8b44-064e3eb7508e", "Success In Play"),
("8182fbfd-d4ae-4230-90bb-bafc72087071", "Lost Out"),
("9bef49be-9a48-4cac-b988-6ad6e95c658a", "Lost Out"),
("517d2c9d-0f77-45bc-b932-b9808a1fa9dc", "Lost In Play"),
("2b36bc8b-8992-4c22-a88f-9a24e1317ee1", "Lost In Play"),
("10f03c53-533c-48c0-9c38-c6231680fde7", "Won"),
("f50fe098-b3d1-4662-b3db-d7e342dce871", "Lost Out"),
("09c80f92-c876-41fd-8e37-c70d7419d015", "Lost Out"),
("4dec5d00-3179-417f-8518-893094b11728", "Lost In Play"),
("e2890b9e-1406-4b53-af7b-b161f4484004", "Won"),
("bc7b5b8a-d359-42c2-91a1-00029a494131", "Won"),
("a5c53b8a-de19-4254-ab47-f046a20ab696", "Lost In Play"),
("576a5b58-cf6b-4451-9fa5-13e750ba244f", "Won"),
("0e35ce3c-9d0b-4410-8abd-f84180c672de", "Success In Play"),
("6a205278-a541-4b02-8a9d-14577f0f15a1", "Won"),
("afc11dd0-973d-4d79-a34b-6c784a3c0cf9", "Won"),
("8949bf82-ae89-4665-b1b6-c3b3d12cc800", "Success In Play"),
("f8b34a4e-5f50-45ef-aea6-82bc4f9f8f82", "Success In Play"),
("d869356b-d1d0-4ecc-a2aa-d7a152907c49", "Success In Play"),
("991a3d59-2b9e-4e66-aea6-7b3298814cc8", "Success In Play"),
("742b6346-05ee-49ed-a7e6-9ace20403947", "Won"),
("a53d4447-a451-40b0-ad75-085118c52afd", "Lost In Play"),
("c4b8fb3d-bf43-4378-9661-c3db2ce01b9c", "Won"),
("fe33eb4d-2434-4673-8df6-3e2287dbc942", "Won"),
("32073610-f630-49e1-8f12-36afcd2390af", "Lost Out"),
("452341a1-dfd0-445d-b34f-072d9c71dba2", "Won"),
("f51868b9-db7e-43d1-abf8-7ffeb4af6b15", "Lost In Play"),
("dad51243-e8d1-4194-9c91-23bff3d4abb1", "Success In Play"),
("cb46c45b-2f29-4e6b-94de-69e411df9868", "Won"),
("c3f22edc-4150-4303-8749-5b0c929d8f38", "Won"),
("51641030-131b-4f2c-9d0c-39d4525d7c06", "Success In Play"),
("53c828a8-9c4c-4159-b1a3-8dfda9bf9185", "Success Out"),
("533d2e37-f3dd-4719-933f-63ecc3c7a9d6", "Lost In Play"),
("3291ba62-dfcc-4303-9f5d-7b6766c9e2a3", "Lost In Play"),
("346ea9f4-8c44-4de4-a05c-5705065b5ad3", "Success In Play"),
("5b1529fc-af6d-4c22-9bff-c5dc06c578d9", "Lost In Play"),
("6815bea1-92e3-4e80-8472-6d539ec693a4", "Won"),
("47ae2474-27da-44bb-af91-010a1ac7a875", "Won"),
("a21be455-0d7d-4374-b707-c2ccd725c9d7", "Won"),
("bc05be29-559c-4350-a41a-efa5a9b320ef", "Won"),
("cd16fedc-5fd6-4e63-927f-9461e32af5c8", "Lost In Play"),
("8662b7c8-6c58-4c11-ab0f-9f4dc142e736", "Lost In Play"),
("ed79e801-c3c0-42af-a770-b69862701293", "Success In Play"),
("21d87f60-914b-49e6-b2d9-fc8c98f12b36", "Won"),
("753fadc3-9921-4576-90f2-237af64f25d3", "Lost In Play"),
("0912d7ce-f872-42a8-bcca-112d73b88eac", "Lost Out"),
("3a5f6a94-2bfc-4a80-8717-e27a523e7d2c", "Won"),
("be5c2900-0dcd-4038-9b92-d2bf4a786d5d", "Won"),
("18d4f1d8-3dec-45be-b240-bde1919eb364", "Won"),
("fa1b174f-41cd-497b-b5b5-44330cdfbc69", "Lost In Play"),
("47375ba7-082c-4e0c-b688-c41cf74faa8f", "Won"),
("9bfadb4a-2ccf-4c03-b7d7-ba7fe7270b53", "Won"),
("22c0eb47-c1a3-402d-88f6-4bff36dd045f", "Lost Out"),
("a0a23d05-483f-4242-b125-011a518ada18", "Success In Play"),
("a47f7121-6a09-4fef-933a-60fffebdad3c", "Lost In Play"),
("3b30746d-ed9b-4b4d-ba9e-afd54c9f5e4c", "Won"),
("95a842d0-1cfd-4a2a-98f8-e8dd1620384a", "Won"),
("316f3159-05c1-422c-b3c0-f8f249776a8f", "Success In Play"),
("349a40bc-abfb-489a-aa9e-113b91794797", "Success In Play"),
("3215d8b0-1128-40b2-93fe-8858c40ea75f", "Lost In Play"),
("62775f25-9a25-445b-b4b1-2e1ed6aa1c6a", "Success In Play"),
("0b708e05-efc5-4d20-a426-9a41b017951f", "Lost Out"),
("7d2fe1b7-0754-4f42-8996-4db052a13456", "Won"),
("de1917b5-28fc-4032-a9cb-bed5e8ee52ef", "Won"),
("a8f25d2c-c785-417d-97d2-528582847f23", "Success In Play"),
("322b4320-0dd2-4332-b62c-1cf81761b397", "Won"),
("d0ce2be0-8bcf-4ab3-9009-4b1e7815f829", "Success In Play"),
("a914a97e-072f-4887-9f2d-01ef429c2036", "Success In Play"),
("78894301-2751-49b6-ad7c-70dbc8881e35", "Success In Play"),
("c8effab0-c312-43aa-b1a5-fe4f5bdd52df", "Success In Play"),
("27e58977-5396-4ddd-823e-80bc2c4aa34c", "Lost In Play"),
("16d1d2f1-b45f-4d58-bc66-bba498827f7c", "Lost In Play"),
("5d061c7e-6717-45ff-a417-c33e324a3788", "Success In Play"),
("8a2406e7-1cb4-4929-b305-0fb1fce4a29e", "Success In Play"),
("3dadf10e-cb1e-4615-902b-19ce2a5da79f", "Lost In Play"),
("eb974a9c-7e47-44ad-855a-85966d202c94", "Lost Out"),
("bfa95823-87b4-478e-af0b-440286a380af", "Lost Out"),
("beb1af6e-647b-494b-9393-4dddb3466113", "Lost In Play"),
("2eccfe5d-2cac-4d3b-b282-231cab17e4b9", "Won"),
("77dde902-3ab3-46af-b9a6-7e057db13992", "Lost Out"),
("18c0e5d0-14ed-4d32-905e-3c4cca15f891", "Success In Play"),
("8e67f67b-94d8-47a4-997e-63d2d2634eff", "Lost In Play"),
("f25514eb-e09c-4738-a48e-eec61cc666d3", "Success In Play"),
("463e072e-5ebb-4758-87b2-26da6ccc557c", "Lost Out"),
("4f9ed61a-7086-4d0f-a387-ec14ed5e76f6", "Success In Play"),
("a025e590-8d0c-4c76-bf5b-4a6cbf01d0dd", "Lost In Play"),
("7604b0e3-b01c-4f18-804b-27318fefceb4", "Won"),
("a17b477f-e10a-4512-a0c8-6f602d5a4ce3", "Won"),
("015be363-a044-4cbe-9d04-a61d349d1c24", "Success In Play"),
("f1957935-ea27-4ec7-b813-62a9f468f1b2", "Won"),
("3abfcd73-0b7b-4af0-aa82-342afaa053a2", "Success In Play"),
("b15af1d5-c428-4e28-bb64-946c3a1a44d5", "Lost In Play"),
("dc2f2e7b-38b1-43ce-9c59-8daf9a9685d9", "Won"),
("ce54da01-a417-4252-9c27-1af5c92366f4", "Success In Play"),
("b4282a2c-bb14-4aa1-8824-252ac1c68756", "Won"),
("cd737615-62ca-4a83-9a29-fda90fef8ee8", "Lost In Play"),
("3720f264-e54d-4f82-b6b2-ad9db3e831bb", "Won"),
("00af5839-6180-4211-8347-c452142ea987", "Success In Play"),
("d7d91b7e-45b3-4068-89d1-5512f127722d", "Won"),
("13cc87ea-8623-4a70-8557-e1b002dbdd55", "Won"),
("f2d75698-2b14-4a6d-83de-48c00e8d5d8d", "Lost In Play"),
("82308084-74ea-4ccb-a07c-a094c1f222ab", "Lost In Play"),
("b34d7722-2a25-412c-b400-f450e91810b3", "Lost In Play"),
("8d259d3f-5d28-43ea-84e9-619d130f7188", "Lost In Play"),
("f7478e61-66b2-4c5f-b607-d522a4584cf7", "Success In Play"),
("759df712-bc2f-4b9a-9212-b625e7421a99", "Success In Play"),
("e34f2c95-c275-4f5f-93a9-3497806ce848", "Lost In Play"),
("d946ac66-7ed1-4b8a-a9fe-e40533cd3300", "Won"),
("32aeadee-b33a-4242-802e-53aee43b9016", "Won"),
("ded55789-152d-4b69-8fa9-cb694177a70e", "Success In Play"),
("5f4405bc-46b4-4285-88ec-3e61afb3e97c", "Success In Play"),
("62f8460f-10c0-43f0-9ab7-90d80146448d", "Won"),
("77439573-a020-4978-9de4-428dcf0e4aeb", "Lost In Play"),
("f9b05360-6f23-4551-bb67-08282ba49fda", "Lost Out"),
("ceac1d8d-8474-405a-ac03-7ace90810e35", "Won"),
("e04bd4e1-806c-4061-aa7e-7db81311623e", "Lost In Play"),
("411b2a91-6b23-4838-bde8-07b5138df463", "Won"),
("63483389-026e-45e1-9ea0-56de94549447", "Lost In Play"),
("c44727c4-9d3f-4411-9b98-e3edc6f79192", "Success In Play"),
("0b434df8-a4f0-4fd3-a8c6-d3ebdabfd909", "Success In Play"),
("2c9eeaa8-4e19-4b78-825b-f0d6f7ed7fee", "Success In Play"),
("2562f89c-bcb5-4417-9f8e-98c43e40c16f", "Won"),
("ef2c8f49-5e0b-4ac2-bb5a-4595b5782581", "Lost Out"),
("fed8a4aa-9d55-4b7c-b611-da568d25c449", "Lost In Play"),
("e99c7b9d-3724-4f51-b2d1-cc454e54826b", "Won"),
("64cd8011-749e-4c88-bbbc-6118df59558a", "Won"),
("27ba2d62-80c6-494f-86a6-683b929e4527", "Won"),
("42343f0b-7936-4801-be18-33cd1ac1266e", "Won"),
("9647fb4a-1e83-4c1c-bc49-de00f89eca51", "Won"),
("39169703-6033-4e23-859d-d72d13995a80", "Won"),
("4fb92cf5-6393-4773-b7ea-cec83e400c26", "Lost In Play"),
("e62b93a7-36cc-4966-ae23-62c3a595219d", "Success In Play"),
("de4fbaeb-0491-420c-9904-e155583510c7", "Won"),
("e2512276-9b06-4d0e-9be9-db85fc0a5dd5", "Won"),
("f347675f-958b-426c-add8-0b03b2a8aa88", "Lost In Play"),
("eaeb2662-38ae-4899-a055-f36b3e4f8741", "Won"),
("1e6398c9-1dd9-4394-8e3f-af89258de0aa", "Lost In Play"),
("65aa498c-1b99-4747-9ffb-bae33d48e22d", "Won"),
("d2221353-b091-4c94-a451-df0e6a39223d", "Lost In Play"),
("036cd2ed-a906-489f-9011-95cc9a3c1294", "Lost In Play"),
("57cd589b-b9ff-43e1-8f54-58b63a29517e", "Won"),
("3f6c8d9a-9f4e-4555-8483-e1b4128b1af2", "Success In Play"),
("6435276c-9a79-448c-9056-563d8ac76e98", "Lost Out"),
("9ed87436-337c-482a-ad0f-e227fdb1ebe4", "Lost In Play"),
("36dca5e9-c680-496f-9f35-4d8ba43f6f4d", "Won"),
("b88ef3e0-00cd-408b-b8e4-34af7add71e4", "Lost Out"),
("3be2b0b8-7155-4a00-863f-e4e11692cd77", "Lost Out"),
("559e06ab-5493-485c-a590-a309f25ad28f", "Success In Play"),
("1f291033-fb71-4cf3-8b90-098a26e86fdd", "Lost In Play"),
("5557490e-8593-47e7-9d8f-f975a5985a86", "Lost In Play"),
("163242b0-7024-47d0-8a82-f0d4315249e5", "Lost In Play"),
("71986ad0-7b77-4750-8d68-dd1cccf46795", "Lost In Play"),
("0eb78eb4-9ada-4c84-a1ca-ec8eb0679f4e", "Won"),
("aa69afae-d102-4298-8bb2-f4944d35bb53", "Success In Play"),
("0936052a-4508-4192-a284-469b44e0af25", "Lost In Play"),
("9c6a9ac5-1f4d-4edb-8646-e196a973d409", "Lost Out"),
("4bb4e22e-4289-4b70-ad7a-f9477fbc4646", "Success In Play"),
("0131d1c2-0e3e-46ab-a12b-f80b52ba75fa", "Lost Out"),
("3e9be3fe-9b38-4d69-a6a7-cc81513f75cb", "Lost In Play"),
("5fdc8bb4-b77e-463e-a680-45b7016db23c", "Lost In Play"),
("fe8d37f0-15d5-4b91-a255-3faa67a7f00b", "Lost In Play"),
("8d5b63cf-ca92-435c-9c11-63fd09784f8a", "Lost In Play"),
("6cd9a4b3-a5c9-4edf-a4e8-e92576218691", "Lost In Play"),
("e957b429-7b44-4df2-813f-1e8019d5cfeb", "Won"),
("9e07bf74-5157-4b9b-a19c-6105daaa548d", "Won"),
("1e747971-5dd4-47d7-8149-91776bbfa3a8", "Lost Out"),
("b7678998-424c-4d8c-b966-e44a158fda6d", "Won"),
("35100ad1-ae90-4962-b644-b4a02118156f", "Lost In Play"),
("dce4b0a7-8449-4a19-a77e-58e3afc1febc", "Success In Play"),
("e50d8c02-d93b-47b4-a499-2bace5287f3b", "Success In Play"),
("6220843b-d9db-4b2f-8958-f2bac52585d6", "Won"),
("9cecd82e-9815-44b8-857e-2909a1e8d71e", "Lost In Play"),
("245557a8-331c-4aaa-ab42-93bf930f51c9", "Lost In Play"),
("1acdd472-5048-430e-8760-7b7fe2adde96", "Success In Play"),
("b05f0291-d2bb-4a13-9e3e-2d906852a64f", "Won"),
("e18651e4-f0fd-4cd4-b320-a4be59bd3641", "Lost In Play"),
("c33ec456-32b8-4344-a778-129206441854", "Lost In Play"),
("8b5bb5a0-cb2b-4954-b858-ca7375d018cf", "Success In Play"),
("995595ac-eddd-4502-b6e1-e4bb68dec967", "Lost Out"),
("b670a822-be29-4d90-aa15-4e809ca7c97b", "Won"),
("79e3dd81-1874-47ad-9f5d-4fbae46ddce7", "Success In Play"),
("5a458795-9836-4bc0-bdd3-c3ea89cd0217", "Lost In Play"),
("b7053c06-780d-42d1-93b0-b1fca228ce76", "Success In Play"),
("71323db1-b6d1-4bb5-8075-1ddc7b510b48", "Won"),
("423639da-c736-43e8-83d8-b4b6432a63c9", "Won"),
("b0aa0484-eeb2-4a01-941c-7519af7f3132", "Lost In Play"),
("55082c3f-c898-47e9-bab1-0ea5f597f3c6", "Lost Out"),
("d8855614-bab6-4399-9cc3-47d7b4ef424c", "Won"),
("5e9048df-0810-48e6-ae60-f8f9bc830e7d", "Success In Play"),
("81ae791f-5b16-4418-9661-4e19a70f737e", "Lost Out"),
("c7990d70-880b-4bb4-ab14-78341aaab953", "Success In Play"),
("7429b215-a7db-4704-bc35-d6a80f077cae", "Success In Play"),
("08cd8a06-66d8-44b9-9662-f695744f6dc3", "Success In Play"),
("2f574cee-544b-4a31-9a3b-e7bd53ccec4d", "Success In Play"),
("c754b771-1827-4812-9131-706bc8adf8a1", "Success In Play"),
("671e0c03-79a9-4de2-b4ef-35f26f265b86", "Lost Out"),
("73f47a26-3be9-4a40-bf3e-411f1ca147b1", "Won"),
("b53128dc-4322-4f1d-be7e-6aa195019a84", "Won"),
("4f105c96-696f-4d29-a64d-873959f99eb5", "Won"),
("6dad5812-5dae-4b32-8f10-a3470a27fa26", "Won"),
("bbf5c267-66c9-4a32-aff9-2083f6b22457", "Lost Out"),
("4822b60e-a7f4-4029-a958-34a75e1aa032", "Won"),
("bca78515-8f4e-4ae2-b4c1-9c1a14cd1654", "Lost In Play"),
("d220a3de-3ac7-4dbb-bb61-bd73831337b5", "Success In Play"),
("7ca755af-112c-4aa0-8940-81c57c58e187", "Success In Play"),
("b7124ccf-83d4-4a42-bc13-6baa352d6dfc", "Won"),
("22b1e33a-41f1-4e47-8c11-11685a8cce42", "Won"),
("40cece6e-2b18-4f1a-bc6e-0e41feeb5226", "Lost In Play"),
("1e04f696-836b-4c8a-b2bd-cb59f7833e0d", "Lost In Play"),
("f293dcb6-0476-4b85-8998-116fc9142bfd", "Success In Play"),
("e00e792b-8946-48cd-9b27-893034139553", "Won"),
("fbac7318-6151-4e4f-81f4-8c7f35a11373", "Lost In Play"),
("edc65afa-d68a-4d5a-89b7-05bf9bd06e07", "Won"),
("57e9f901-3300-4c3a-a216-6cd85fd75d5b", "Success In Play"),
("3663f2a8-3b17-4d1b-a75c-1d504165122a", "Success In Play"),
("fd069f4b-47e4-472e-bff8-bc7a0c273d82", "Won"),
("c6bd10b2-098e-4da6-9d48-36e43a2a62ef", "Won"),
("688576b4-3ada-4d30-a7b9-a6d0ba141eae", "Won"),
("f02dfba4-0616-4bea-aab1-84088330b15c", "Won"),
("c9f77883-dfe0-4c5e-b138-215788415b70", "Won"),
("a44a2c3a-e49b-4796-a7ef-84449cd4c27b", "Lost In Play"),
("93b775bd-e9b3-4525-a231-30a9f02015a6", "Success In Play"),
("3c4facbe-c86b-442d-9b8b-99b480465f56", "Lost In Play"),
("cdaa2b47-20dd-401c-94be-7ce4c2fec493", "Success In Play"),
("50ccb5cb-76e4-4222-8265-2d8c17c8009e", "Won"),
("78453e83-8ef7-4f63-b3fb-db8a29db21d7", "Success In Play"),
("def27215-fab4-4234-a7ce-408b939056cf", "Won"),
("8df0437a-4000-4a32-970a-632046960b0f", "Won"),
("e1d8b431-460b-41ea-971f-cb77d629648f", "Won"),
("9276725f-30cf-42c5-820b-c6eae7beec9b", "Lost In Play"),
("1f0ac237-2d2d-48c1-84af-69ffeb4e2cb0", "Lost In Play"),
("b04254a2-616f-40dc-9d4f-286c01ea25be", "Success In Play"),
("2b9d0ecd-ce01-4cd5-86cd-f3f9a6a2e8d4", "Lost Out"),
("e9a82001-8dd9-4422-819d-20423f18aad9", "Success In Play"),
("80ae6fea-4b19-4331-b19c-ea65d0d209ed", "Success In Play"),
("30a3a0e8-8ce4-4e75-b23e-00c1bc786d83", "Won"),
("88606aa5-ea1e-41be-8033-863935389a41", "Lost In Play"),
("e9edb729-f50c-45df-b66f-46574552b039", "Won"),
("61a4d956-da7c-49fd-84ac-b8c1cf86d788", "Won"),
("3f3ac6b7-4928-446a-b1f7-c850ae86554a", "Lost In Play"),
("b47d8d95-888a-4c7d-b6ca-0dfe29831ace", "Lost In Play"),
("f1547141-26c9-42c2-bdc2-872058a65791", "Won"),
("daf7839b-0d28-4505-a593-7d8888900f70", "Won"),
("2d2df2b2-f529-459b-ad8e-5741d497383d", "Success In Play"),
("8234880b-bb16-475b-8734-8b80bfdf670f", "Lost In Play"),
("08e19041-b0dd-4f16-94e6-a93e67fcacd7", "Won"),
("9b2a37ea-000a-4ccf-b60c-5731a7d3a8c3", "Won"),
("6f96af80-8d29-4e40-9fb7-ee209551b071", "Lost Out"),
("5e65c85e-5bc4-4b8a-b052-acf355f133d5", "Won"),
("96199635-be05-4b34-886c-e5299e83811e", "Won"),
("12551847-f064-417e-875b-ed79fc0b9ad4", "Won"),
("18d2190b-f8ab-468b-b028-3c0670132e1e", "Won"),
("ec380cd5-fcad-4c01-a02c-62fb21d9d41e", "Won"),
("bcf4b773-a0f5-4506-a4e6-bc2c954ecbb2", "Lost Out"),
("7e4ed3a7-a48b-4b55-b3d9-b4d3e7a58727", "Success In Play"),
("ec4e9a78-edf2-4bc2-ae21-0f24acbbc248", "Success In Play"),
("5aca9f0c-2de1-45e4-b3c4-141a6e934577", "Won"),
("f494b5d9-1872-477d-a8dc-fd095ae2c587", "Success In Play"),
("3315adaa-8238-43ad-b6b2-24da94e95de3", "Success In Play"),
("74d9249b-9b86-4012-9fa7-c954280a41a1", "Won"),
("05a9c499-0e9a-47bb-a6dc-7c120b0bc65e", "Won"),
("3c9abc90-c186-4f4d-80a7-d1de6b23ae57", "Lost Out"),
("b5673e9a-1325-43a0-a537-032b9845f139", "Won"),
("7e16f02d-129d-46dd-b5c3-1de11f516351", "Won"),
("34258e90-6789-4d99-a08e-57d8c44d70b0", "Lost Out"),
("da339bc4-a2df-4f11-82af-c29fc95dc562", "Won"),
("6804093d-34a1-4558-beb6-c65379c34a8a", "Won"),
("c5f9c8c2-aa0b-4d60-b90f-028c5e380624", "Success In Play"),
("00812e5a-b682-4e77-a220-2217973864fc", "Lost Out"),
("709377cd-d927-4873-b964-70c8f84cfc78", "Success In Play"),
("fc9abf9d-9bad-4f9f-941d-7089d6620d44", "Won"),
("f186432f-c3f0-45a6-996d-7bb8bcfdb7b6", "Lost In Play"),
("326d9d96-d798-4b48-8d94-58d9fc893475", "Won"),
("fd004c91-ca41-42fb-b1de-c92fc97b665d", "Success In Play"),
("829d3111-a11d-495c-b1b2-88bcf3894f30", "Won"),
("a6587e5e-a2ad-4a66-b55a-9cb6de5cd7b5", "Success In Play"),
("00dbf424-eaa1-4aef-ab26-e2e64e460427", "Won"),
("0e17a4bb-f87c-4984-86ac-7b78e41b9228", "Success In Play"),
("9dbb068e-ff5e-4c03-978f-5cc9ce8367c0", "Lost In Play"),
("a186defb-236d-43e4-954b-4724bcae935b", "Won"),
("cb1f01ed-7112-421d-93ea-1000a85398f2", "Won"),
("40d30368-ef5c-405c-8077-27219e2cf4ec", "Lost In Play"),
("55c0871b-64a3-49b8-bf45-8ff8cf441454", "Lost In Play"),
("2c6a5aba-c8fc-4a79-8ec8-709cd2ed52f4", "Won"),
("7c2f46ca-d097-4d3c-bfc8-398715b55ba8", "Won"),
("97fe1ee0-ccad-4b85-9f7c-d413d28b7e1a", "Won"),
("47a21a6a-3393-4679-b18f-92bac1e095ef", "Won"),
("1be770a9-452c-4ba4-a347-d3ad089bb841", "Won"),
("e833821d-cd72-401b-81aa-d15e352874ab", "Success In Play"),
("4af7466e-6cab-42ee-9543-43442f6cbcf6", "Success In Play"),
("55603e9d-626e-4179-94b2-7f97ef7f2f3a", "Success Out"),
("6246f043-eb95-4323-9086-4b7818c719e9", "Won"),
("64c1d125-c1f1-40fd-b801-e9a67eb4cf19", "Success In Play"),
("4c6642aa-0f7f-43aa-baaa-85f71f1d5349", "Won"),
("f16799e6-a348-41ef-b85e-a3d8d5db9336", "Success In Play"),
("a6480841-9807-4046-8027-c3aa30772dae", "Won"),
("91fa1613-eca4-45c7-96dd-3ecb6ccaa27a", "Won"),
("404fad64-4cca-4a84-ba65-030c816d9cea", "Lost Out"),
("7334fbac-4555-456b-a934-7f5123a77197", "Won"),
("90d64c7e-be99-41c5-94a3-3cddaa6739f5", "Won"),
("008fae6a-cea9-41ae-b5a8-13543fc88a7d", "Lost In Play"),
("1d5efb3d-a2b7-43cf-a240-48d0c1acc759", "Won"),
("2510b4ff-510d-4815-b60b-0e0621f7f634", "Lost In Play"),
("90ce847c-b5e5-4eca-bd06-02519fd189a7", "Won"),
("ef504666-db15-4ccb-84d9-b32d4b2cc281", "Lost Out"),
("6851a0a1-3e97-4845-a6d5-89cc72456928", "Won"),
("97620954-dd35-4a47-a4c6-7dc36bf97481", "Won"),
("35ac4810-9ff2-4891-9319-11d27ba48bda", "Won"),
("e9ae14c2-289c-44ae-933c-b21968a7753f", "Lost In Play"),
("7a539a47-69f2-402f-b6e0-7a9dc8014a12", "Success In Play"),
("ec0be4fc-3e38-4d3a-afb3-ddae338a1d14", "Won"),
("6d15e015-063d-40ba-a12f-618bce8d2719", "Won"),
("84d7d572-75d1-4eda-8cc9-a89335ceb7f3", "Success In Play"),
("bdae1447-2f29-4c0f-9ef8-87807df500bb", "Won"),
("24c2608b-4d8a-443d-8e36-5ecf1655f2a3", "Lost Out"),
("d5b7f111-05fc-404e-a3fa-9a3ce09afdaa", "Won"),
("221fd265-88b8-47c8-8a5f-78e7416f98f3", "Lost In Play"),
("95d93bf3-9073-434e-b86a-0bec59641a77", "Success In Play"),
("74415e1c-a70f-4804-a9b7-be241c207b53", "Success In Play"),
("4340260a-ef30-4f01-af72-e723bb8b8dc8", "Lost In Play"),
("b6ede079-1ce5-492a-b1b1-8418c6c2d5ed", "Won"),
("fe5bae83-814e-445d-807a-8d6ee11391f9", "Won"),
("fcfa4b91-c660-432b-b43b-cc07ecba5755", "Success In Play"),
("3326173f-0404-4eea-83d7-365c745ff6f0", "Won"),
("a046196b-599f-4ee7-93c0-d4ee17a56c4c", "Success In Play"),
("d2aeb8c4-0b03-4983-9287-360cf8f92b74", "Won"),
("20bb0734-7cb0-459a-87ad-d8046a0d51a6", "Won"),
("7d5f893e-d0a5-4996-b9b0-9dca3dedc2e4", "Lost In Play"),
("ccbfaa87-ab29-4c6f-a181-9f9772a17c60", "Won"),
("dfda7816-793e-41dc-96ef-f38b8063b1d9", "Lost In Play"),
("77ea3562-b5a6-4537-848a-1e36b079a9a6", "Success In Play"),
("f97d7ab7-9159-47fd-9925-32c4f0cc73a7", "Won"),
("7c530541-babd-423f-8177-d855752de998", "Won"),
("c3dc180f-773f-4fb3-aeeb-d3ef0df42e18", "Won"),
("70fdd608-a9de-4721-aafe-c97f69bd0f56", "Success In Play"),
("20fa6311-8b00-4504-ab0b-563a72536c8d", "Won"),
("322f75a5-7ae8-4777-be3d-4ce490bf4a6a", "Won"),
("7368f8c2-8e64-4085-8eac-d8bfa72f6df2", "Won"),
("29629166-8463-4abb-b496-884f176cdae4", "Won"),
("07848607-8e80-4a74-a233-829479fe6099", "Won"),
("41aba215-f0d8-4523-8340-f1fe9c32d174", "Success In Play"),
("a1def824-ae25-42ff-bf8a-4612aa5bfec8", "Lost In Play"),
("d0176810-8fcf-4eb6-885d-cfd610c1317c", "Won"),
("237135ec-d4d0-4ca1-a75b-d1e22c1c8412", "Won"),
("d0f8aa3a-c152-4aac-86f8-001b85077f0e", "Won"),
("0834cddb-e772-49d4-a899-3fc7b6a13fee", "Success In Play"),
("2541ec15-6c4e-4529-b94f-385428543f8c", "Lost In Play"),
("7b3fae3c-042c-457e-b8c8-932b82ded46e", "Won"),
("fb8eff12-2c1b-4810-8398-5b0d1f7bdd42", "Success In Play"),
("a80c7e2b-bd4e-4118-8268-f635c2a72202", "Lost In Play"),
("088682f4-8641-4ab5-b755-7dd7c4e3d6d8", "Won"),
("9df72760-bf77-4aeb-9a75-d4e5a6c32b74", "Success In Play"),
("3974f81a-481d-4a67-a9b2-3c23ba4cb011", "Lost Out"),
("e2239bfd-5f93-463a-9cad-e80466d7d345", "Won"),
("6574171c-9b1c-40ca-8e62-fa00a7d55fe6", "Success In Play"),
("9faba6ff-5856-4fd3-98f4-d420027215df", "Lost In Play"),
("d2577767-69d6-4977-91f3-bd5afebf7f4c", "Won"),
("2cd4e744-9733-4e7d-a361-787ddb5892c2", "Won"),
("c59ed1c9-02a0-46ba-81b6-d788af882960", "Won"),
("357695ad-2951-4ef5-9187-63295b47e549", "Success In Play"),
("bceb5297-6ddc-478c-8cde-4561e62ba0e4", "Won"),
("c0abffb5-da83-4133-a32f-084835559413", "Lost In Play"),
("27a09ca5-0359-40e2-a926-c03050f0e3eb", "Won"),
("8c0e4105-6c4b-47cd-bb48-bc4c97799a73", "Won"),
("143e8116-f99a-42b3-8719-384dc6379749", "Success In Play"),
("4a61348a-9f42-43a9-b140-195c7baffb7c", "Success In Play"),
("49202a17-864c-45aa-8b6b-27251767c228", "Lost In Play"),
("75379943-8312-401e-af7e-4f7ea1fc0ca9", "Success In Play"),
("870457ae-e94f-4b0c-97d4-99e69adfb63c", "Won"),
("87053499-69cc-4b31-9b97-ae692d43166e", "Lost In Play"),
("2fd5d145-3fe6-47bd-8100-54f5808f8105", "Won"),
("1226800c-22b9-4945-882f-eb63ec7aa24d", "Won"),
("4feb34b3-2b54-4ebb-b5d4-99c0942fbabb", "Won"),
("650b2367-c92e-4618-8f27-e3549c6cbbcc", "Won"),
("d47b9d3e-9e0e-4dd6-bc72-29d484ed1823", "Won"),
("aa230887-d212-473f-a630-dffae62c05ae", "Lost In Play"),
("524643fb-56bc-47a8-9a9a-3f82b56dff74", "Won"),
("5617f843-eeb6-406b-9744-e5c08e9bb77e", "Won"),
("ea8747c7-2243-42ce-9090-865026af464b", "Success In Play"),
("691a1179-612c-4690-980e-ea12ee2525a8", "Lost In Play"),
("8ce1228a-44d0-4b0e-abbe-298b4ad7e78c", "Success In Play"),
("5e35713b-f0da-4063-95b7-4c95dc535c39", "Won"),
("c51ddf8b-0f4c-4182-8377-31988071f18d", "Won"),
("f6177e4e-0c81-4db3-b83d-0bc2172b5c0f", "Lost In Play"),
("0529e30e-2fa0-428c-861e-22eddaff3ed6", "Lost Out"),
("a1412e73-0308-4460-a7a5-ccb023c78d0f", "Won"),
("44b45836-f87f-41da-b628-8747bce59209", "Won"),
("623ed35e-56db-4213-aea5-a75a56056ee6", "Lost In Play"),
("32333c21-9159-4e9d-a2aa-6ad9e3451d1a", "Success In Play"),
("cfadb42b-f2c9-4652-be00-8b7ea4175036", "Lost In Play"),
("03f4ccf2-d6eb-4cb3-837e-b47f7fb54a1a", "Won"),
("70fbbee8-5147-440a-8ebf-2751557e6036", "Lost Out"),
("c515b6ba-fa52-4ce9-ba86-6b46ba7f8a05", "Lost Out"),
("d03895ef-1716-48b0-bf16-33bb2022fab8", "Lost In Play"),
("870523eb-09b5-40c3-989d-f4267b4d94f5", "Success In Play"),
("9bd59a69-2726-4315-9255-7476441a9171", "Won"),
("139919eb-4760-45b3-bebb-f67b2734f8cc", "Lost Out"),
("79e98f89-9e6a-42e5-909a-3554c1b6f0d8", "Success In Play"),
("9662f39b-26e8-4c3a-8819-241d6a6cc803", "Lost Out"),
("5898a32d-3fa8-4f69-9264-4c2bef905a42", "Success In Play"),
("a6156df5-aaef-49fa-9baf-d5ec8f8d196e", "Won"),
("b4690f11-c393-40c4-8953-bd873d72ad84", "Won"),
("545e1a0e-850d-4270-bbb8-ce657d8e3967", "Won"),
("bd371606-3ad3-4df0-884b-9fccd2540f7c", "Won"),
("a4ae5d76-13aa-4f1f-a8a9-f6ed2793954b", "Lost In Play"),
("f7c0fbac-5dfb-4172-bb12-cf3cce67983c", "Success In Play"),
("c53bdeb2-a16b-4b04-9258-e8aa04504797", "Lost In Play"),
("b92c7e67-1745-4c61-9aa7-0abe7c503b9f", "Won"),
("56bd49e4-ef8a-4c27-80c9-f967f074a8e8", "Lost Out"),
("3104c7dd-12c1-4ea2-ac2b-a984b16c8529", "Won"),
("c275e17d-4896-40ab-baf5-45a709d88e0f", "Lost Out"),
("4904e925-a26e-4693-bbc5-3faba062d158", "Won"),
("f23194e2-018a-4588-bd25-30733e85036c", "Won"),
("c30efef3-b704-423f-b8ca-f39394058f42", "Won"),
("13e7514e-5c55-4754-a315-0e8110a1149b", "Lost In Play"),
("0f28b395-e1d2-4cc6-96aa-baa76515e32d", "Lost In Play"),
("c667d0c6-4072-4cee-a5b0-1a3073cfb019", "Won"),
("64396e15-6034-47d5-9b20-3209e84aff14", "Lost In Play"),
("6c388fbb-ebae-4fbd-a19f-b8be84b41c49", "Lost In Play"),
("2761c501-3bfd-4381-847a-1936f9f8ca8a", "Won"),
("1dc199c7-3f03-4b2d-bade-47258ea0c23a", "Lost In Play"),
("38df2275-be3f-4d8e-a872-c328d080b8a8", "Success In Play"),
("6ec6e5a8-42b4-45e9-b855-76d1188e7dbb", "Lost In Play"),
("1bb4bbb9-51b4-445e-9c9d-0e232a2cfd21", "Lost In Play"),
("7181062e-98e5-44f0-8b87-6882b7eb9f74", "Won"),
("1d12c53d-7e0e-430f-9835-23b7f9fa862a", "Success In Play"),
("a3b3af7b-9232-413e-9a9c-3e1ef6f139a0", "Lost In Play"),
("146c33b8-4276-494e-bd7e-45c4cd8e712a", "Success In Play"),
("42cbe025-2d22-40b4-9a3b-ef7fd8f504d3", "Won"),
("2a910c9c-8727-403b-8352-8e80b18325dd", "Lost Out"),
("a5cceab4-683f-4ff8-857e-efe45cfdc2a3", "Won"),
("b5c278bd-da20-4f95-9ddb-37c68f801884", "Success In Play"),
("4dd32e10-92de-4e0e-ba1f-3e30f6990ffd", "Won"),
("c883a8a2-6742-4df7-8677-36f4c51aac0a", "Won"),
("3e83b57e-77c8-411a-b9fa-10c2d9fe8a76", "Lost In Play"),
("93e981ef-caca-427d-9359-26bc88387816", "Won"),
("e8380bf7-b489-4ec8-9ff0-c90596532fcf", "Won"),
("d5563f39-582a-4f98-b236-2adca31d7b2c", "Lost In Play"),
("082f776c-c09c-40aa-b6f2-fbfa90243916", "Lost Out"),
("d8628c5b-9bc7-403d-b229-ba34d9f21062", "Won"),
("a14a0a18-b419-4e44-bccd-669519d47f57", "Won"),
("1848a30e-97c9-44b9-bdb8-74ed180d8cd5", "Lost In Play"),
("f9eea792-cbfd-4ed6-9b6c-48e5cb278f7a", "Success In Play"),
("96f6d9da-8fc6-4536-8e67-5393733abb13", "Won"),
("3635fbf3-8f0e-4408-a69d-1fc5406b28c0", "Lost In Play"),
("a8b5c2c5-0748-4cdc-876f-2c4a76ea3ec0", "Success In Play"),
("ff0a08ca-7312-4b37-92ad-0c8640669d59", "Won"),
("65995867-7abc-4300-b101-20c61abaace5", "Lost In Play"),
("1021a8c5-280b-4ca0-8432-4721e4bbac06", "Won"),
("ef8d176b-555f-4424-aa4b-ed02f2ecf9d5", "Success In Play"),
("17fc7869-348e-4d55-ab63-ae1c0914cfed", "Won"),
("2c896947-181c-49ad-9c8e-9468e11a570d", "Won"),
("9d60f1c6-4b30-40d0-8eef-df0bb639f321", "Lost In Play"),
("8d92f6bc-c5b8-48a6-86ee-0225d090e7eb", "Won"),
("3c733a8a-8eba-4090-974b-629ba1d2e605", "Lost In Play"),
("b11aafdc-8857-4936-8411-3dca9cf75a41", "Won"),
("9be5887f-fbfe-45c9-a7a6-89fa1b6aec7b", "Lost In Play"),
("e46b8bcb-2bda-4801-b8f5-9654ccaeb680", "Won"),
("77b691f9-baa6-465f-92c7-e2f713787a23", "Success In Play"),
("626ba236-3a22-4e14-a7ca-d2922e75df16", "Won"),
("e88c1c45-c269-4937-ad2e-7f72f0d322dc", "Won"),
("759560c3-64ed-4907-a8be-aec1a4abf741", "Success In Play"),
("b646e1c8-5fb5-4f5d-bd4b-d9e5b3fd3020", "Won"),
("c3f8bafb-2f92-41be-b032-8d914fa57b06", "Won"),
("a2b2ed39-0ba7-48ef-8790-fd7fbe580a67", "Success In Play"),
("2fafbe99-0114-469b-b823-420804638821", "Lost Out"),
("9b7d16dd-2c44-43ea-adcb-f3726dbe8793", "Success In Play"),
("8447117a-827c-42e3-9b8e-10f3014ac272", "Won"),
("f1580eef-5c59-413d-8634-35e94061b523", "Won"),
("8bbab0c8-c3bd-498c-9dcd-f0920076d10c", "Lost In Play"),
("236cbe82-2adb-4c73-9d71-f5495c341fce", "Won"),
("17c85809-6a52-45e7-93dd-a44342412823", "Lost Out"),
("351ca711-da0c-45a5-832d-720a402e4fc6", "Won"),
("b2dab3e1-ad97-4383-a617-d2a756ef3820", "Won"),
("415abd20-1b71-43d0-ad15-a7f948d4ecc1", "Lost In Play"),
("fbc7feb0-4c2a-485b-a674-8b07c3493a26", "Won"),
("2b157550-3089-4c0e-ad44-8bce9d240888", "Won"),
("e6c9317f-6504-4889-8d7c-c7232f2c3753", "Won"),
("65435e63-9ee3-4f98-a06d-dd585b01b856", "Lost In Play"),
("063ce16f-f8d7-41e6-a959-7dc74441b4f7", "Won"),
("2cee375a-8e2a-4ae8-a663-9989a79d5b08", "Success In Play"),
("65b1a4a9-4746-4a31-9853-14fe888c713d", "Won"),
("fe0fc395-89fe-43cd-a008-a1cd510c9824", "Success In Play"),
("8cac1d0b-3e74-4d05-826e-6216916a06d3", "Lost Out"),
("0b708fa1-1409-4973-8e8e-9fefc547fe6c", "Lost Out"),
("78469636-fb53-423b-a205-fda40a17fe60", "Won"),
("302f805d-a8f2-4764-96a9-fdc1ce3fabe8", "Lost In Play"),
("6ea9b999-b06a-4f78-937c-e8a190d52c85", "Success In Play"),
("69376265-ed58-45e1-8090-e6c4eefb1eff", "Won"),
("c9d4a55c-fb9b-4444-9869-2bab62808bd2", "Success In Play"),
("fe47f72b-cf19-46a5-9e09-937780505cc9", "Lost In Play"),
("115b6d93-50f2-4e39-85b3-015c24ee6a49", "Lost In Play"),
("211929e6-fa5d-4fe8-93b0-0666b6b579f8", "Won"),
("50f3d063-19df-4f98-9f9c-ddf8d0dad25e", "Success In Play"),
("d97ab538-242e-4d8f-bd69-d8c34e8c8f8c", "Won"),
("f757f58a-4fc7-4cc9-bc73-135780c612a1", "Won"),
("6333f12e-aa6b-42da-968d-72f68e98ebdb", "Lost Out"),
("5601e27a-8dd0-436e-9b74-5b23bf7ef682", "Success In Play"),
("1963d0bc-0537-4d7d-a4cd-ad811213cce6", "Won"),
("b36f9bca-90df-4d1e-a4a1-c36d526dba92", "Won"),
("8dd8dbcf-870b-4a94-bbab-fb1109dc9c0b", "Success In Play"),
("d3a1ec4e-074d-4011-9f6f-857cfd01142a", "Won"),
("a801c6a0-a2d5-48e5-aad5-efbd05e15cfd", "Won"),
("f0ccc208-e85e-43f3-9096-dabd36061908", "Won"),
("ffe58b6a-b1e6-416c-a825-d57dd5eb5090", "Success In Play"),
("343dd8ce-8a22-4774-8369-4d00c7702837", "Success In Play"),
("1d343d90-e588-4e37-beae-64010122a8e4", "Lost In Play"),
("2aefa507-826b-4c5f-ab97-c7e6560c9ed9", "Lost Out"),
("3bf6afaf-4eea-4b7a-8257-9fca33446e6c", "Won"),
("de0b1240-e15e-470c-85f8-56176486f26f", "Won"),
("b552c51a-9a27-4599-a29a-6c3a415315df", "Success In Play"),
("5639fa16-a8e6-4061-9f0c-e992d90bda8a", "Lost Out"),
("337dee86-b04f-4560-be73-404762d46d1a", "Lost In Play"),
("4889e917-2b99-4387-b85a-85d005e79c35", "Won"),
("f76ba44a-dac4-4024-828b-fb925ebdb325", "Won"),
("faa7605e-6efd-4212-aa10-2a66a8faa58c", "Lost In Play"),
("04638a1e-5698-4447-907f-9f6fb2d12c29", "Success In Play"),
("6e8f2387-3203-4c67-bb0b-514236e0ec8b", "Won"),
("3f08030a-6376-43c4-866d-bd347bfe9934", "Lost Out"),
("8ace43c2-2554-4c23-8bf6-1e81e9477b1c", "Won"),
("1acdf87b-4882-44a7-a7a6-e5f9078a9ef1", "Won"),
("8933a6ff-4985-42c3-8bab-a3cb04ceee01", "Lost In Play"),
("2d74ad89-392d-4b73-bb51-a3f6e01094b5", "Lost Out"),
("a24e60a9-1b40-4138-9e15-b2aa381540a9", "Won"),
("0a632ac4-0aea-46b0-82ec-180cdd6a69cb", "Won"),
("e13570de-2114-4a08-bd1f-0055e94e38fc", "Won"),
("5bd59a6c-4daf-4204-b3c1-793bae389744", "Lost In Play"),
("f03fe75b-385b-4bc8-b7d0-c5514548819f", "Lost In Play"),
("04ae999b-5b76-4a80-9ed8-e25f07d0377f", "Lost In Play"),
("0e3be788-85d7-4ce1-af51-5fa5b9ad41af", "Won"),
("47bda147-427f-4d9b-8bd0-6d8ba261d18d", "Won"),
("1bd0961d-87a0-439b-924e-552e9fa2c53e", "Won"),
("b87dccaf-43be-4bdc-a2ee-a848e927c667", "Won"),
("6bdda85c-ec93-49ee-8b5b-175ca327734d", "Won"),
("f8b88770-1de5-4161-aa77-8d761ddb52cf", "Won"),
("d59636a0-e853-41b4-9746-6a1aeca69508", "Won"),
("a55e809d-aaf3-4bc7-a6e5-a57c75054889", "Success In Play"),
("3bf9d1b0-89df-425a-94e9-054683478db4", "Success In Play"),
("59223b68-5e0f-449c-bbd2-25a4a5eb1aad", "Won"),
("58d0b1b5-3073-46f2-85f3-8f693e318e27", "Lost In Play"),
("a8c3bd1b-6129-4b7a-b9f0-50080ec2e339", "Won"),
("b847408b-e48e-41b6-85e6-6ce57a53f7d1", "Success In Play"),
("13c57bb4-8b5f-4e0d-bce4-81d54f95ecf3", "Won"),
("a1e94374-4501-436e-b220-24c1d8aead71", "Success In Play"),
("1760cc42-2aa5-4d00-b303-6620abf1c6ae", "Won"),
("6df44865-918e-4969-8ef3-ca07ee8ecc8d", "Won"),
("d38f1f97-0fa3-43d0-bc83-3750323a47c6", "Won"),
("a3191c54-0e02-4d77-9c81-95551b4ae458", "Success In Play"),
("04ad0f45-832c-4f95-9f3b-b0effa914f94", "Success In Play"),
("9b10c73c-aca6-4188-a6ea-00a64a0efe8c", "Won"),
("9b7556dd-d34e-4331-bcfc-982389d65369", "Won"),
("6f114bf0-fbff-4827-b6c7-f962b0c4be1c", "Success In Play"),
("89ca8bca-b2c5-4076-90af-a989c6a0c694", "Won"),
("17e19029-004a-4f40-ae11-23246a761f00", "Lost Out"),
("a2a4a177-cfb9-44e1-92b3-adf7978bbf73", "Won"),
("980bd67a-a6ee-4864-acbb-203753745a08", "Won"),
("0197cf73-943f-4dda-bb16-9379d157792c", "Won"),
("c176092b-4f13-49a4-b093-1915c18c14f0", "Lost In Play"),
("efe514f3-7975-4022-9fa9-c6ed0f10e1c4", "Won"),
("ef53bb82-57de-4625-8365-04af9e3b01ec", "Lost In Play"),
("2aaea93f-7f94-415c-8232-f08c5533b480", "Won"),
("5f2b7c9b-9df9-47ce-9008-db79c56b5e43", "Success In Play"),
("8e0591f1-248d-47ec-aad2-ef91200262d5", "Success In Play"),
("d29bdbad-7f5f-4a42-aea5-1c0d72ba390b", "Lost Out"),
("946b5d1d-57ed-49de-ad3f-6b7aeb00f396", "Success In Play"),
("5c34500e-ad04-4d9a-af6a-18596dc9c65a", "Won"),
("5e3a7f79-de2a-4c3d-97c7-7c35b98a2bbe", "Won"),
("15d6d4c3-e4ce-41b0-9250-18874df385ee", "Lost In Play"),
("eb95e53b-99b3-4d11-aa64-7e0087826c6d", "Won"),
("c0a0c693-b488-4e0d-8a81-c4618190230d", "Lost In Play"),
("a1720c6b-181c-48b3-8c7c-ed99488d8158", "Won"),
("ca84c0d1-4c7f-4518-9937-913e9a5c4b6b", "Success In Play"),
("35dbee6c-ced5-439b-9974-a4526d9947b9", "Won"),
("19f82845-e674-4866-a18f-a6b549445195", "Won"),
("5c98002f-acd3-4b2e-92de-317f77c59786", "Won"),
("712f29c8-fa02-4d80-9d72-47e7aefe39ea", "Lost Out"),
("fd73a538-94a3-491e-90d6-588373895aab", "Lost In Play"),
("b98c9e6e-e1ee-4de9-9e1a-869946950913", "Lost Out"),
("1536a99a-1791-44b2-b713-bbd1e34b818d", "Won"),
("2d31491f-3d88-493b-90c6-34d24c9a1cda", "Won"),
("77ec43c5-6182-4e30-922a-0430ae09773b", "Won"),
("6f3e6869-f8b9-4d54-adcb-b38769763212", "Won"),
("e69719c8-e82f-413c-a65f-e43a7bf911da", "Won"),
("316104c6-951f-4917-8532-71d4cf6d8d49", "Lost Out"),
("71ac4a13-d504-4e87-8df2-fc34580085e4", "Success In Play"),
("76d4d34d-1860-4bda-baed-8bee99d96a45", "Won"),
("7cf926f6-dcd4-4cc3-a87a-df06e44ce986", "Lost In Play"),
("e8ce0be5-b2dd-4f7d-bc18-33fd26282464", "Lost In Play"),
("78f883dd-e2bf-4b83-9990-25caff146b48", "Won"),
("630684b5-af62-4329-ab6c-0c0bbef02ab9", "Lost In Play"),
("587c6b6f-d942-41fa-8aa6-db69ec1ea202", "Won"),
("6478bdd9-fde6-44fb-8554-dac392aa424c", "Success In Play"),
("d5ef5935-d2f6-4f76-9489-d4b196b7f375", "Success In Play"),
("3c71ac4f-6244-4447-b0b8-0fc66a019579", "Lost In Play"),
("2167d46f-fa06-4be1-b170-63531683fd93", "Won"),
("fe967d57-0ca1-41a7-8599-a586f8994bf0", "Won"),
("7de86b03-72aa-4569-a47b-17e1766cf82e", "Lost In Play"),
("56cad8f6-1ac3-4691-bab7-7b632a6d7c55", "Won"),
("1bccf75b-716b-4f47-8f3d-91f1b4e6a5c0", "Success In Play"),
("2d25cf7f-f715-47c8-930d-1be2efe63db0", "Won"),
("4792c0db-2e65-4bf9-bf8b-401c4ccdb058", "Won"),
("f4f4619d-b35f-4847-9348-41bd7c2c0fd4", "Success In Play"),
("215d60b6-6acf-4693-811c-d0048d010cd7", "Lost Out"),
("576c6e6a-3f28-4c3f-a31f-6a13a6703842", "Lost In Play"),
("f228677c-9962-4439-b857-3a58c8a1a87f", "Won"),
("4daef8cf-4f24-4afd-9ced-8afc7077ed68", "Lost In Play"),
("8f97b18a-b35e-4cc5-aaeb-c8f383b0c312", "Lost In Play"),
("b68d9222-907c-4fc7-b172-8b1ff8d18622", "Won"),
("d6f20bda-3b3f-4212-a17c-6a0cdfc20b95", "Won"),
("c01b40f2-7b12-4217-9e7a-d409f488f787", "Lost Out"),
("1c199568-2948-4656-a5fb-8d64e6d700b8", "Lost Out"),
("bab12bfe-aef7-459d-8e17-0cd5540d6ba4", "Won"),
("0807b571-ff82-479a-ad92-88c446669ef2", "Won"),
("86f673ab-d148-43af-b88e-46d86df468e6", "Success In Play"),
("d02cbc69-1ca3-4617-b93d-29020ab68e07", "Lost In Play"),
("2dc7656c-ecce-49ae-b1f5-e6b35c4b56e0", "Success In Play"),
("c9c9f2b8-1ba0-4da6-aa15-26ca65d20454", "Won"),
("494471c8-dd82-4b07-9f57-268e5acb6fda", "Won"),
("c406a625-22fa-444d-83ee-3351abcb0fa8", "Won"),
("719706dc-3554-455e-a0c4-79d4d56846cf", "Success In Play"),
("0535b9ad-6ec4-459c-b9e4-67f32fcac1d0", "Success In Play"),
("89e7261b-1078-4ab2-83c6-294475b6ca68", "Lost In Play"),
("756e134f-75f1-428e-8184-0bb10f1bacce", "Won"),
("70fad1aa-649e-403b-9521-2091cb761562", "Won"),
("3077a99e-9243-4943-870e-bfb521b5353b", "Success In Play"),
("f3d057d2-5c83-4cd0-84e8-b5ca77d21f5c", "Lost Out"),
("3b5cc08a-3de1-476a-ae32-2621603a44f2", "Lost Out"),
("606b1bab-05d3-47b8-8a98-5db8cd74025b", "Won"),
("88838251-0c8e-42b2-9077-36601330d184", "Lost Out"),
("9a846270-65e4-4144-91a0-dfd21988bd1c", "Lost In Play"),
("bad839b5-58b8-4652-b7f1-eb70b918a15d", "Won"),
("4c430ca4-3e2f-4f47-96f6-da24cae3c170", "Won"),
("f2769ca2-0dae-464e-8f44-0d0a72a14e6c", "Won"),
("36197527-3817-4632-85be-8bddaf1d6fbe", "Success In Play"),
("9d0153d0-fb83-4df9-9972-3683930ad0ef", "Lost In Play"),
("cfac9b9f-504f-47f4-8215-9fbe41152fe4", "Won"),
("f14ded73-9037-4c2e-b36a-0a5aab0196fc", "Lost In Play"),
("ffff7f54-4d90-42ef-b9b0-b9a0eb05bcc2", "Won"),
("18013d85-fb32-47c2-a48a-18e667629344", "Won"),
("b9c4708e-0afd-4066-8ad1-43a183172dfd", "Won"),
("a5bd6506-0149-4c35-b7a6-5429efb7452a", "Lost In Play"),
("26436031-a971-4f47-a3c0-a6350d39c5b1", "Success In Play"),
("5d86f4ad-50b8-4b76-a8ec-093cac7fe36f", "Success In Play"),
("018b4f43-c312-473c-92f1-dca4936cc3e1", "Success In Play"),
("a675f15e-6a80-4eb4-89a5-15ceb57a1809", "Lost In Play"),
("f3e177cd-2d79-4908-99bf-36aca549048e", "Lost In Play"),
("81cec2ee-0b24-48f4-b50a-2355ba6b8b0f", "Lost Out"),
("88515e01-f7c2-4c52-b1b3-6b3dd59f40a3", "Success In Play"),
("864ec8d6-ea63-4232-b50c-197f8228bc79", "Lost In Play"),
("19d1b2c9-a07f-444a-9713-4043728b8392", "Success In Play"),
("97a5a25d-3585-4ef6-b106-fa57b4743a2e", "Lost In Play"),
("343792e6-1ecf-4a86-bd0f-17a4d2f23436", "Won"),
("b54015fe-7f62-4371-bb6c-022b2e542c8b", "Won")