﻿﻿(3109, 'Malcom Filipe Silva de Oliveira', 'Malcom', 14,31),
(3501, 'Philippe Coutinho Correia', 'Philippe Coutinho', 7,31),
(5203, 'Sergio Busquets i Burgos', 'Sergio Busquets', 5,214),
(5211, 'Jordi Alba Ramos', 'Jordi Alba', 18,214),
(5213, 'Gerard Piqué Bernabéu', 'Gerard Piqué', 3,214),
(5246, 'Luis Alberto Suárez Díaz', 'Luis Suárez', 9,242),
(5470, 'Ivan Rakitić', null, 4,56),
(5477, 'Ousmane Dembélé', null, 11,78),
(5492, 'Samuel Yves Umtiti', 'Samuel Umtiti', 23,78),
(5503, 'Lionel Andrés Messi Cuccittini', 'Lionel Messi', 10,11),
(6374, 'Nélson Cabral Semedo', 'Nélson Semedo', 2,183),
(6379, 'Sergi Roberto Carnicer', 'Sergi Roberto', 20,214),
(6826, 'Clément Lenglet', null, 15,78),
(6998, 'Rafael Alcântara do Nascimento', 'Rafinha', 12,31),
(8206, 'Arturo Erasmo Vidal Pardo', 'Arturo Vidal', 22,45),
(8652, 'Jasper Cillessen', null, 13,160),
(11392, 'Arthur Henrique Ramos de Oliveira Melo', 'Arthur', 8,31),
(20055, 'Marc-André ter Stegen', 'Marc-André ter Stegen', 1,85),
(6566, 'Borja González Tomás', 'Borja Bastón', 18,214),
(6581, 'Jonathan Rodríguez Menéndez', 'Jony', 23,214),
(6612, 'Rubén Duarte Sánchez', 'Rubén Duarte', 3,214),
(6613, 'Rubén Sobrino Pozuelo', 'Rubén Sobrino', 7,214),
(6615, 'Víctor Laguardia Cisneros', 'Víctor Laguardia', 5,214),
(6617, 'Ibai Gómez Pérez', 'Ibai Gómez', 11,214),
(6618, 'Martín Aguirregabiria Padilla', 'Martín Aguirregabiria', 21,214),
(6624, 'Jorge Franco Alviz', 'Burgui', 14,214),
(6626, 'Mubarak Wakaso', null, 22,86),
(6629, 'Fernando Pacheco Flores', 'Fernando Pacheco', 1,214),
(6632, 'Manuel Alejandro García Sánchez', 'Manu García', 19,214),
(6839, 'Daniel Alejandro Torres Rojas', 'Dani Torres', 16,49),
(6855, 'Guillermo Alfonso Maripán Loaysa', 'Guillermo Maripán', 6,45),
(6923, 'Joaquín Navarro Jiménez', 'Ximo Navarro', 15,214),
(6935, 'Adrián Marín Gómez', 'Adrián Marín', 17,214),
(9748, 'Antonio Sivera Salvá', 'Antonio Sivera', 13,214),
(12190, 'Patrick Twumasi', null, 24,86),
(50547, 'Antonio Perera Calderón', 'Antonio Perera', 27,214),
(6616, 'Munir El Haddadi Mohamed', 'Munir El Haddadi', 19,154),
(35404, 'Jokin Ezkieta Mendiburu', 'Jokin Ezkieta', 31,214),
(6742, 'Sergio Gontán Gallardo', 'Keko', 24,214),
(6760, 'Enes Ünal', null, 9,233),
(7699, 'Daniele Verde', null, 11,112),
(8419, 'Duje Čop', null, 20,56),
(11291, 'Laureano Antonio Villa Suárez', 'Toni Suárez', 19,214),
(11293, 'Fernando Calero Villa', 'Fernando Calero', 5,214),
(11294, 'Borja Fernández Fernández', 'Borja Fernández', 8,214),
(11296, 'Óscar Plano Pedreño', 'Óscar Plano', 10,214),
(11297, 'Javier Moyano Lujano', 'Javi Moyano', 17,214),
(11298, 'José Ignacio Martínez García', 'Nacho Martínez', 22,214),
(11300, 'Rubén Alcaraz Jiménez', 'Rubén Alcaraz', 14,214),
(11301, 'Miguel Alfonso Herrero Javaloyas', 'Míchel', 21,214),
(11302, 'Jordi Masip López', 'Jordi Masip', 1,214),
(11303, 'Anuar Mohamed Tuhami', 'Anuar Tuhami', 23,154),
(11304, 'Francisco José Olivas Alba', 'Kiko Olivas', 4,214),
(18164, 'Antonio Jesús Regal Angulo', 'Antoñito', 18,214),
(30519, 'Mohamed Salisu', null, 28,86),
(41126, 'Samuel Pérez Fariña', 'Samuel Pérez', 26,214),
(6734, 'Luis Carlos Correia Pinto', 'Luisinho', 16,183),
(6788, 'Xabier Etxeita Gorritxategi', 'Xabier Etxeita', 3,214),
(6857, 'Rúben Afonso Borges Semedo', 'Rúben Semedo', 4,183),
(9747, 'Axel Werner', null, 1,11),
(11669, 'Gonzalo Julián Melero Manzanares', 'Gonzalo Melero', 8,214),
(11670, 'David Ferreiro Quiroga', 'David Ferreiro', 7,214),
(11671, 'Juan Camilo Hernández Suárez', 'Cucho Hernández', 9,49),
(11672, 'Samuele Longo', null, 12,112),
(11673, 'Alejandro Gallar Falguera', 'Álex Gallar', 11,214),
(11674, 'Damián Marcelo Musto', 'Damián Musto', 23,11),
(11675, 'Moisés Gómez Bordonado', 'Moi Gómez', 6,214),
(11676, 'Jorge Miramón Santagertrudis', 'Jorge Miramón', 24,214),
(11677, 'Jorge Pulido Mayoral', 'Jorge Pulido', 14,214),
(11678, 'Luis Ezequiel Ávila', 'Chimy Ávila', 19,11),
(12554, 'Serdar Gürler', null, 21,233),
(19396, 'Lluis Sastre Reus', 'Lluis Sastre', 22,214),
(21399, 'Pablo Ínsua Blanco', 'Pablo Ínsua', 18,214),
(22332, 'Roberto Santamaría Cipriain', 'Roberto Santamaría', 13,214),
(3042, 'Mikel Merino Zazón', 'Mikel Merino', 8,214),
(5573, 'Héctor Alfredo Moreno Herrera', 'Héctor Moreno', 6,147),
(6605, 'Joseba Zaldúa Bengoetxea', 'Joseba Zaldúa', 2,214),
(6669, 'David Zurutuza Veillet', 'David Zurutuza', 17,214),
(6670, 'Andoni Gorosabel Espinosa', 'Andoni Gorosabel', 18,214),
(6671, 'Asier Illarramendi Andonegi', 'Asier Illarramendi', 4,214),
(6676, 'Igor Zubeldia Elorza', 'Igor Zubeldía', 5,214),
(6679, 'Aritz Elustondo Irribaria', 'Aritz Elustondo', 15,214),
(6685, 'Mikel Oyarzabal Ugarte', 'Mikel Oyarzabal', 10,214),
(6693, 'Raúl Rodríguez Navas', 'Raúl Navas', 22,214),
(6694, 'Gerónimo Rulli', 'Gero Rulli', 1,11),
(6695, 'Juan Miguel Jiménez López', 'Juanmi', 7,214),
(6704, 'Theo Bernard François Hernández', 'Theo Hernández', 19,78),
(6885, 'Kévin Manuel Rodrigues', 'Kévin Rodrigues', 20,183),
(6899, 'Rubén Pardo Gutiérrez', 'Rubén Pardo', 14,214),
(6906, 'Jon Bautista Orgilles', 'Jon Bautista', 21,214),
(7069, 'Miguel Ángel Moyà Rumbo', 'Miguel Ángel Moyá', 13,214),
(16210, 'Luca Sangalli Fuentes', 'Luca Sangalli', 23,214),
(6332, 'Thomas Vermaelen', null, 24,22),
(6609, 'Denis Suárez Fernández', 'Denis Suárez', 6,214),
(6351, 'Cristhian Ricardo Stuani Curbelo', 'Cristhian Stuani', 7,242),
(6560, 'Marc Muniesa Martínez', 'Marc Muniesa', 20,214),
(6565, 'Pere Pons Riera', 'Pere Pons', 8,214),
(6567, 'Borja García Freire', 'Borja García', 10,214),
(6570, 'Alejandro Granell Nogué', 'Álex Granell', 6,214),
(6572, 'Juan Pedro Ramírez López', 'Juanpe', 15,214),
(6573, 'Bernardo José Espinosa Zúñiga', 'Bernardo Espinosa', 2,49),
(6574, 'Douglas Luiz Soares de Paulo', 'Douglas Luiz', 12,31),
(6576, 'Gorka Iraizoz Moreno', 'Gorka Iraizoz', 1,214),
(6578, 'Francesc Aday Benítez Caraballo', 'Aday Benítez', 11,214),
(6579, 'Pedro Alcalá Guirado', 'Pedro Alcalá', 5,214),
(6582, 'Cristian Portugués Manzanera', 'Portu', 9,214),
(6785, 'Yassine Bounou', null, 13,154),
(6888, 'Aleix García Serrano', 'Aleix García', 23,214),
(11292, 'Pedro Antonio Porro Sauceda', 'Pedro Porro', 29,214),
(11295, 'Patrick Roberts', null, 17,68),
(17276, 'Seydou Doumbia', null, 22,55),
(34694, 'Èric Montes Arce', 'Èric Montes', 28,214),
(3246, 'Guido Marcelo Carrillo', 'Guido Carrillo', 9,11),
(3991, 'Allan Romeo Nyom', 'Allan Nyom', 12,39),
(6301, 'Youssef En-Nesyri', null, 26,154),
(6598, 'Unai Bustinza Martínez', 'Unai Bustinza', 3,214),
(6599, 'Rubén Salvador Pérez Del Mármol', 'Rubén Pérez', 21,214),
(6601, 'Raúl García Carnero', 'Raúl García', 14,214),
(6608, 'Nabil El Zhar', null, 10,154),
(6610, 'Iván Cuéllar Sacristán', 'Pichu', 1,214),
(6666, 'Sabin Merino Zuloaga', 'Sabin Merino', 18,214),
(6667, 'Mikel Vesga Arruti', 'Mikel Vesga', 23,214),
(6738, 'Juan Francisco Moreno Fuertes', 'Juanfran', 2,214),
(6739, 'Diego Alejandro Rolan Silva', 'Diego Rolán', 4,242),
(6834, 'Gerard Gumbau Garriga', 'Gerard Gumbau', 6,214),
(9879, 'Jon Ander Serantes Simon', 'Jon Ander Serantes', 13,214),
(11730, 'Jonathan Cristian Silva', 'Jonathan Silva', 5,11),
(11745, 'Michael Nicolás Santos Rosadilla', 'Michael Santos', 20,242),
(16212, 'Óscar Rodríguez Arnaiz', 'Óscar Rodríguez', 27,214),
(17818, 'Rodrigo Tarín Higón', 'Rodri Tarín', 28,214),
(3023, 'Yuri Berchiche Izeta', 'Yuri Berchiche', 12,214),
(6389, 'Mikel San José Domínguez', 'Mikel San José', 6,214),
(6390, 'Markel Susaeta Laskurain', 'Markel Susaeta', 14,214),
(6391, 'Raúl García Escudero', 'Raúl García', 22,214),
(6393, 'Iñaki Williams Arthuer', 'Iñaki Williams', 9,86),
(6394, 'Aritz Aduriz Zubeldia', 'Aritz Aduriz', 20,214),
(6396, 'Beñat Etxebarria Urkiaga', 'Beñat Etxebarria', 7,214),
(6649, 'Óscar de Marcos Arana', 'De Marcos', 18,214),
(6665, 'Íñigo Martínez Berridi', 'Íñigo Martínez', 4,214),
(6699, 'Ander Capa Rodríguez', 'Ander Capa', 21,214),
(6775, 'Daniel García Carrillo', 'Dani García', 16,214),
(6789, 'Mikel Balenziaga Oruesagasti', 'Mikel Balenziaga', 24,214),
(6842, 'Iker Muniain Goñi', 'Iker Muniain', 10,214),
(6877, 'Yeray Álvarez López', 'Yeray Álvarez', 5,214),
(11744, 'Peru Nolaskoain Esnal', 'Peru Nolaskoain', 31,214),
(11746, 'Unai López Cabrera', 'Unai López', 23,214),
(11748, 'Unai Simón Mendibil', 'Unai Simón', 25,214),
(349946, 'Hodei Oleaga Alarcia', 'Hodei Oleaga', 26,214),
(3437, 'Francis Joseph Coquelin', null, 17,78),
(3457, 'Michy Batshuayi Tunga', 'Michy Batshuayi', 23,22),
(4367, 'Gonçalo Manuel Ganchinho Guedes', 'Gonçalo Guedes', 7,183),
(5186, 'Denis Cheryshev', null, 11,188),
(5718, 'Rodrigo Moreno Machado', 'Rodrigo', 19,214),
(6401, 'Kevin Gameiro', 'Kévin Gameiro', 9,78),
(6583, 'Carlos Soler Barragán', 'Carlos Soler', 8,214),
(6585, 'Jeison Fabián Murillo Cerón', 'Jeison Murillo', 4,49),
(6587, 'Antonio Latorre Grueso', 'Toni Lato', 15,214),
(6589, 'Geoffrey Kondogbia', null, 6,43),
(6590, 'Norberto Murara Neto', 'Neto', 13,31),
(6595, 'Daniel Parejo Muñoz', 'Dani Parejo', 10,214),
(6596, 'José Luis Gayà Peña', 'José Gayá', 14,214),
(6746, 'Gabriel Armando de Abreu', 'Gabriel Paulista', 5,31),
(6797, 'Daniel Wass', null, 18,61),
(6891, 'Ezequiel Marcelo Garay', 'Ezequiel Garay', 24,11),
(6898, 'Jaume Doménech Sánchez', 'Jaume Doménech', 1,214),
(11634, 'Cristiano Piccini', null, 21,112),
(41407, 'Juan Brandariz Movilla', 'Chumi', 36,214),
(3610, 'Roque Mesa Quevedo', 'Roque Mesa', 7,214),
(5218, 'André Miguel Valente Silva', 'André Silva', 12,183),
(5504, 'Éver Maximiliano David Banega', 'Éver Banega', 10,11),
(5534, 'Simon Thorup Kjær', 'Simon Kjær', 4,61),
(5742, 'Gabriel Iván Mercado', 'Gabriel Mercado', 25,11),
(6334, 'Luis Fernando Muriel Fruto', 'Luis Muriel', 14,49),
(6400, 'Aleix Vidal Parreu', 'Aleix Vidal', 11,214),
(6719, 'Franco Damián Vázquez', 'Franco Vázquez', 22,11),
(6720, 'Pablo Sarabia García', 'Pablo Sarabia', 17,214),
(6723, 'Wissam Ben Yedder', null, 9,78),
(6724, 'Manuel Agudo Durán', 'Nolito', 8,214),
(6804, 'Sergi Gómez Solà', 'Sergi Gómez', 3,214),
(6821, 'Jesús Navas González', 'Jesús Navas', 16,214),
(6825, 'Daniel Filipe Martins Carriço', 'Daniel Carriço', 6,183),
(6919, 'Guilherme Antonio Arana Lopes', 'Guilherme Arana', 23,31),
(11541, 'Tomáš Vaclík', null, 1,60),
(13360, 'Quincy Anton Promes', 'Quincy Promes', 21,160),
(23921, 'Juan Soriano Oropesa', 'Juan Soriano', 13,214),
(13599, 'Carles Aleña Castillo', 'Carles Aleñà', 26,214),
(3313, 'Giovani Lo Celso', null, 21,11),
(5214, 'William Silva de Carvalho', 'William Carvalho', 14,183),
(5563, 'José Andrés Guardado Hernández', 'Andrés Guardado', 18,147),
(5687, 'Takashi Inui', null, 8,114),
(6647, 'Zouhair Feddal', null, 4,154),
(6648, 'Aïssa Mandi', null, 23,4),
(6651, 'Joaquín Sánchez Rodríguez', 'Joaquín', 17,214),
(6657, 'Sergio León Limones', 'Sergio León', 7,214),
(6658, 'Cristian Tello Herrera', 'Cristian Tello', 11,214),
(6663, 'Antonio Barragán Fernández', 'Antonio Barragán', 19,214),
(6673, 'Sergio Canales Madrazo', 'Sergio Canales', 6,214),
(6777, 'Sidnei Rechel da Silva Júnior', 'Sidnei', 12,31),
(6792, 'Pau López Sabata', 'Pau López', 13,214),
(6880, 'Arnaldo Antonio Sanabria Ayala', 'Antonio Sanabria', 9,178),
(7068, 'Marc Bartra Aregall', 'Marc Bartra', 5,214),
(7910, 'Lorenzo Jesús Morón García', 'Loren Morón', 16,214),
(16309, 'Joel Robles Blázquez', 'Joel Robles', 1,214),
(17304, 'Héctor Junior Firpo Adames', 'Junior Firpo', 20,214),
(3245, 'Thomas Lemar', null, 11,78),
(5198, 'Diego da Silva Costa', 'Diego Costa', 19,214),
(5199, 'Jorge Resurrección Merodio', 'Koke', 6,214),
(5484, 'Lucas Hernández Pi', 'Lucas Hernandez', 21,78),
(5487, 'Antoine Griezmann', null, 7,78),
(5696, 'Santiago Arias Naranjo', 'Santiago Arias', 4,49),
(5723, 'Gelson Dany Batalha Martins', 'Gelson Martins', 18,183),
(6320, 'Filipe Luís Kasmirski', 'Filipe Luis', 3,31),
(6376, 'Stefan Savić', null, 15,152),
(6377, 'Ángel Martín Correa', 'Ángel Correa', 10,11),
(6378, 'Jan Oblak', null, 13,208),
(6381, 'Saúl Ñíguez Esclapez', 'Saúl Ñíguez', 8,214),
(6383, 'Thomas Teye Partey', 'Thomas Partey', 5,86),
(6654, 'Antonio Adán Garrido', 'Antonio Adán', 1,214),
(6765, 'Rodrigo Hernández Cascante', 'Rodri', 14,214),
(6841, 'Víctor Machín Pérez', 'Vitolo', 23,214),
(7033, 'Nikola Kalinić', null, 9,56),
(8136, 'Antonio Moya Vega', 'Toni Moya', 43,214),
(22197, 'Juan Miranda González', 'Juan Miranda', 27,214),
(37237, 'Ignacio Peña Sotorres', 'Iñaki Peña', 30,214),
(3551, 'Karl Brillant Toko Ekambi', 'Karl Toko Ekambi', 17,39),
(4629, 'José Ramiro Funes Mori', 'Ramiro Funes Mori', 4,11),
(5688, 'Carlos Arturo Bacca Ahumada', 'Carlos Bacca', 9,49),
(6737, 'Alfonso Pedraza Sag', 'Alfonso Pedraza', 16,214),
(6752, 'Víctor Ruíz Torre', 'Víctor Ruíz', 6,214),
(6753, 'Daniel Raba Antolín', 'Dani Raba', 22,214),
(6755, 'Sergio Asenjo Andrés', 'Sergio Asenjo', 1,214),
(6762, 'Álvaro González Soberón', 'Álvaro González', 3,214),
(6764, 'Pablo Fornals Malla', 'Pablo Fornals', 8,214),
(6766, 'Gerard Moreno Balaguero', 'Gerard Moreno', 7,214),
(6771, 'Manuel Trigueros Muñoz', 'Manu Trigueros', 14,214),
(6772, 'Mario Gaspar Pérez Martínez', 'Mario Gaspar', 2,214),
(6828, 'Jaume Vicent Costa Jordá', 'Jaume Costa', 11,214),
(8697, 'Andrés Eduardo Fernández Moreno', 'Andrés Fernández', 13,214),
(11384, 'Manuel Morlanes Ariño', 'Manu Morlanes', 28,214),
(11385, 'Santiago Cáseres', null, 5,11),
(11386, 'Santiago Cazorla González', 'Santi Cazorla', 19,214),
(16335, 'Samuel Chimerenka Chukwueze', 'Samuel Chukwueze', 30,166),
(3236, 'Sergi Darder Moll', 'Sergi Darder', 10,214),
(5598, 'Óscar Esau Duarte Gaitán', 'Óscar Duarte', 6,54),
(6569, 'Roberto José Rosales Altuve', 'Roberto Rosales', 8,246),
(6571, 'Roberto Jiménez Gago', 'Roberto Jiménez', 1,214),
(6754, 'David López Silva', 'David López', 15,214),
(6758, 'Víctor Sánchez Mata', 'Víctor Sánchez', 4,214),
(6761, 'Leonardo Carrilho Baptistão', 'Léo Baptistão', 11,31),
(6763, 'Pablo Daniel Piatti', 'Pablo Piatti', 19,11),
(6767, 'Sergio García De La Fuente', 'Sergio García', 9,214),
(6768, 'Diego López Rodríguez', 'Diego López', 13,214),
(6769, 'Edinaldo Gomes Pereira', 'Naldo', 5,31),
(6770, 'Esteban Félix Granero Molina', 'Esteban Granero', 23,214),
(6791, 'Javier López Rodríguez', 'Javi López', 16,214),
(6838, 'Hernán Arsenio Pérez González', 'Hernán Pérez', 17,178),
(6866, 'Marc Roca Junqué', 'Marc Roca', 21,214),
(6886, 'Dídac Vilá Rosselló', 'Dídac Vilá', 12,214),
(6902, 'Óscar Melendo Jiménez', 'Óscar Melendo', 14,214),
(11391, 'Borja Iglesias Quintas', 'Borja Iglesias', 7,214),
(4407, 'Sanjin Prcić', null, 8,28),
(6668, 'José Luis Morales Nogales', 'José Luis Morales', 11,214),
(6672, 'Jorge Andújar Moreno', 'Coke', 12,214),
(6678, 'Emmanuel Okyere Boateng', 'Emmanuel Boateng', 21,86),
(6680, 'Rubén Rochina Naixes', 'Rubén Rochina', 16,214),
(6681, 'José Manuel Rodríguez Benito', 'Chema', 6,214),
(6682, 'Sergio Postigo Redondo', 'Sergio Postigo', 15,214),
(6684, 'Roger Martí Salvador', 'Roger Martí', 9,214),
(6688, 'José Ángel Gómez Campaña', 'José Campaña', 24,214),
(6691, 'David Remeseiro Salgueiro', 'Jason', 23,214),
(6692, 'Oier Olazábal Paredes', 'Oier Olazábal', 13,214),
(6782, 'Enis Bardhi', null, 10,135),
(6784, 'Antonio García Aranda', 'Toño', 3,214),
(6807, 'Roberto Suárez Pier', 'Rober', 4,214),
(6809, 'Erick Cathriel Cabaco Almada', 'Erick Cabaco', 18,242),
(18163, 'Moses Daddy-Ajala Simon', 'Moses Simon', 7,166),
(21147, 'Borja Mayoral Moya', 'Borja Mayoral', 2,214),
(23344, 'Aitor Fernández Abarisketa', 'Aitor Fernández', 25,214),
(3625, 'Sofiane Boufal', null, 19,154),
(5217, 'Iago Aspas Juncal', 'Iago Aspas', 10,214),
(5516, 'Pione Sisto Ifolo Emirmija', 'Pione Sisto', 11,61),
(6297, 'Maximiliano Gómez González', 'Maxi Gómez', 9,242),
(6794, 'Gustavo Daniel Cabral Cáceres', 'Gustavo Cabral', 22,11),
(6795, 'Rubén Blanco Veiga', 'Rubén Blanco', 13,214),
(6798, 'Stanislav Lobotka', null, 14,207),
(6799, 'Brais Méndez Portela', 'Brais Méndez', 23,214),
(6805, 'Hugo Mallo Novegil', 'Hugo Mallo', 2,214),
(6852, 'Jozabed Sánchez Ruiz', 'Jozabed Sánchez', 21,214),
(6876, 'Róbert Mazáň', null, 15,207),
(6884, 'Sergio Álvarez Conde', 'Sergio Álvarez', 1,214),
(10759, 'Andrew Hjulsager', null, 16,61),
(11388, 'Néstor Alejandro Araújo Razo', 'Néstor Araujo', 4,147),
(11389, 'Francisco José Beltrán Peinado', 'Fran Beltrán', 8,214),
(12555, 'Okay Yokuşlu', null, 5,233),
(17804, 'David Costas Cordal', 'David Costas', 3,214),
(22029, 'Kevin Vázquez Comesaña', 'Kevin Vázquez', 20,214),
(4546, 'Dimitri Foulquier', null, 24,91),
(4712, 'Samuel Sáiz Alonso', 'Samuel Sáiz', 11,214),
(6611, 'Ángel Luis Rodríguez Díaz', 'Ángel Rodríguez', 9,214),
(6619, 'Vitorino Gabriel Pacheco Antunes', 'Vitorino Antunes', 3,183),
(6627, 'Damián Nicolás Suárez Suárez', 'Damián Suárez', 22,242),
(6630, 'Jorge Molina Vidal', 'Jorge Molina', 19,214),
(6631, 'Mathieu Flamini', null, 16,78),
(6634, 'Djené Dakonam Ortega', 'Djene Dakonam', 2,228),
(6635, 'Leandro Daniel Cabrera Sasía', 'Leandro Cabrera', 6,242),
(6722, 'David Soria Solís', 'David Soria', 13,214),
(6863, 'Mauro Wilney Arambarri Rosa', 'Mauro Arambarri', 18,242),
(6872, 'Bruno González Cabrera', 'Bruno González', 4,214),
(6873, 'Francisco Portillo Soler', 'Francisco Portillo', 8,214),
(6901, 'Nemanja Maksimović', null, 20,203),
(6931, 'Leandro Chichizola', null, 1,11),
(7154, 'Sebastián Carlos Cristóforo Pepe', 'Sebastián Cristóforo', 15,242),
(11550, 'Jaime Mata Arnaiz', 'Jaime Mata', 7,214),
(18721, 'Robert Ibáñez Castro', 'Robert Ibáñez', 17,214),
(6698, 'Marko Dmitrović', null, 1,203),
(6700, 'Sergio Enrich Ametller', 'Sergi Enrich', 9,214),
(6701, 'Joan Jordán Moreno', 'Joan Jordán', 24,214),
(6705, 'José Ángel Valdés Díaz', 'Cote', 15,214),
(6708, 'Paulo André Rodrigues de Oliveira', 'Paulo Oliveira', 12,183),
(6709, 'Anaitz Arbilla Zabala', 'Anaitz Arbilla', 23,214),
(6710, 'Rubén Peña Jiménez', 'Rubén Peña', 11,214),
(6711, 'Enrique García Martínez', 'Kike', 17,214),
(6712, 'Gonzalo Escalante', null, 5,11),
(6867, 'Papa Kouly Diop', 'Pape Diop', 8,202),
(7105, 'Fabián Ariel Orellana Valenzuela', 'Fabián Orellana', 14,45),
(7907, 'Pedro Bigas Rigo', 'Pedro Bigas', 3,214),
(8555, 'Pablo Ezequiel De Blasis', 'Pablo de Blasis', 16,11),
(10763, 'Asier Riesgo Unamuno', 'Asier Riesgo', 13,214),
(12072, 'Pere Milla Peña', 'Pere Milla', 22,214),
(13107, 'Sergio Álvarez Díaz', 'Sergio Álvarez', 6,214),
(13108, 'Marc Cardona Rovira', 'Marc Cardona', 7,214),
(17620, 'Marc Cucurella Saseta', 'Marc Cucurella', 20,214),
(4447, 'Martin Braithwaite Christensen', 'Martin Braithwaite', 25,61),
(5830, 'Kenneth Josiah Omeruo', 'Kenneth Omeruo', 24,166),
(6580, 'José Luis García del Pozo', 'Recio', 8,214),
(6603, 'Dimitrios Siovas', null, 22,88),
(6606, 'Javier Eraso Goñi', 'Javi Eraso', 17,214),
(21390, 'Andriy Lunin', null, 29,238),
(23561, 'Vasyl Kravets', null, 14,238),
(8668, 'Kevin-Prince Boateng', null, 19,86),
(6887, 'Jonás Ramalho Chimeno', 'Jonás Ramalho', 4,7),
(7578, 'Anthony Rubén Lozano Colón', 'Anthony Lozano', 19,101),
(22129, 'Valery Fernández Estrada', 'Valery Fernández', 34,214),
(23264, 'Seung-Ho Paik', 'Paik Seung-Ho', 35,121),
(42283, 'Alejandro Pachón Párraga', 'Álex Pachón', 37,214),
(6594, 'Santiago Mina Lorenzo', 'Santi Mina', 22,214),
(6748, 'Ferrán Torres García', 'Ferrán Torres', 20,214),
(6830, 'Facundo Sebastián Roncaglia', 'Facundo Roncaglia', 4,11),
(22740, 'Kang-In Lee', 'Lee Kang-In', 16,121),
(6387, 'Iñigo Córdoba Kerejeta', 'Iñigo Córdoba', 11,214),
(6397, 'Unai Núñez Gestoso', 'Unai Núñez', 3,214),
(6662, 'Iago Herrerín Buisán', 'Iago Herrerín', 13,214),
(8540, 'Kenan Kodro', null, 2,28),
(10612, 'Yoel Rodríguez Oterino', 'Yoel', 13,214),
(17027, 'Sergio Guardiola Navarro', 'Sergi Guardiola', 12,214),
(22020, 'Joaquín Fernández Moreno', 'Joaquín Fernández', 2,214),
(23492, 'Stiven Ricardo Plaza Castillo', 'Stiven Plaza', 42,65),
(7040, 'Marko Rog', null, 20,56),
(8068, 'Maximilian Wöber', null, 14,15),
(11332, 'Ibrahim Amadou', null, 5,78),
(3509, 'Thibaut Courtois', null, 25,22),
(4926, 'Francisco Román Alarcón Suárez', 'Isco', 22,214),
(5200, 'Lucas Vázquez Iglesias', 'Lucas Vázquez', 17,214),
(5201, 'Sergio Ramos García', 'Sergio Ramos', 4,214),
(5463, 'Luka Modrić', null, 10,56),
(5485, 'Raphaël Varane', null, 5,78),
(5539, 'Carlos Henrique Casimiro', 'Casemiro', 14,31),
(5552, 'Marcelo Vieira da Silva Júnior', 'Marcelo', 12,31),
(5574, 'Toni Kroos', null, 8,85),
(5597, 'Keylor Navas Gamboa', 'Keylor Navas', 1,54),
(5719, 'Marco Asensio Willemsen', null, 20,214),
(5721, 'Daniel Carvajal Ramos', 'Daniel Carvajal', 2,214),
(6399, 'Gareth Frank Bale', 'Gareth Bale', 11,249),
(6697, 'Daniel Ceballos Fernández', 'Dani Ceballos', 24,214),
(6773, 'Federico Santiago Valverde Dipetta', 'Federico Valverde', 15,242),
(18395, 'Vinícius José Paixão de Oliveira Júnior', 'Vinícius Júnior', 28,31),
(18620, 'Sergio Reguilón Rodríguez', 'Sergio Reguilón', 23,214),
(19677, 'Karim Benzema', null, 9,78),
(4346, 'Gilbert Gianelli Imbula Wanga', 'Giannelli Imbula', 12,52),
(5521, 'Luis Jan Piers Advíncula Castrillón', 'Luis Advíncula', 17,179),
(6652, 'Jordi Amat Maas', 'Jordi Amat', 16,214),
(6914, 'Roberto Román Triguero', 'Tito', 2,214),
(6924, 'Alejandro Gálvez Jimena', 'Alejandro Gálvez', 23,214),
(7900, 'Tiago Manuel Dias Correia', 'Bebé', 14,41),
(8512, 'Franco Matías Di Santo', 'Franco Di Santo', 25,11),
(11535, 'José Ángel Pozo la Rosa', 'José Ángel Pozo', 22,214),
(11537, 'Alberto García Cabrera', 'Alberto García', 1,214),
(11538, 'Alejandro Moreno Lopera', 'Moreno Lopera', 7,214),
(11539, 'Adrián Embarba Blázquez', 'Adri Embarba', 11,214),
(11540, 'Óscar Guido Trejo', 'Óscar Trejo', 8,11),
(12192, 'Álvaro García Rivera', 'Álvaro García', 18,214),
(12194, 'Santiago Comesaña Veiga', 'Santi Comesaña', 27,214),
(16209, 'Raúl de Tomás Gómez', 'Raúl de Tomás', 9,214),
(17054, 'Emiliano Daniel Velázquez Maldonado', 'Emiliano Velázquez', 20,242),
(21397, 'Stole Dimitrievski', null, 13,135),
(23488, 'Mario Suárez Mata', 'Mario Suárez', 15,214),
(3990, 'Jesé Rodríguez Ruiz', 'Jesé', 10,214),
(22235, 'Wilfrid Jaures Kaptoum', 'Wilfrid Kaptoum', 34,39),
(22915, 'Diego Lainez Leyva', 'Diego Lainez', 22,147),
(23522, 'Emerson Aparecido Leite de Souza Junior', 'Emerson Royal', 24,31),
(6790, 'Mario Hermoso Canseco', 'Mario Hermoso', 22,214),
(10323, 'Alfa Semedo Esteves', 'Alfa Semedo', 2,96),
(22287, 'Adrià Giner Pedrosa', 'Adrià Pedrosa', 28,214),
(22919, 'Lluís López Mármol', 'Lluís López', 27,214),
(23343, 'Lei Wu', 'Wu Lei', 24,46),
(3497, 'Vicente Iborra De La Fuente', 'Vicente Iborra', 10,214),
(6827, 'Daniele Bonera', null, 23,112),
(24729, 'Xavier Quintillà Guasch', 'Xavi Quintillà', 39,214),
(42275, 'Iván Martín Núñez', 'Iván Martín', 37,214),
(3477, 'Álvaro Borja Morata Martín', 'Álvaro Morata', 22,214),
(5249, 'Diego Roberto Godín Leal', 'Diego Godín', 2,242),
(5259, 'José María Giménez de Vargas', 'José Giménez', 24,242),
(6375, 'Juan Francisco Torres Belén', 'Juanfran', 20,214),
(3508, 'Sandro Ramírez Castillo', 'Sandro Ramírez', 24,214),
(6713, 'Diego Javier Llorente Ríos', 'Diego Llorente', 3,214),
(6721, 'Willian José da Silva', 'Willian José', 12,31),
(22321, 'Ander Barrenetxea Muguruza', 'Ander Barrenetxea', 34,214),
(22452, 'Aihen Muñoz Capellán', 'Ahien Muñoz', 29,214),
(6038, 'John Guidetti', null, 10,220),
(6604, 'Darko Brašanac', null, 20,203),
(6622, 'Tomás Pina Isla', 'Tomás Pina', 8,214),
(6636, 'Rodrigo Ely', null, 4,31),
(6856, 'Carlos Martín Vigaray', 'Carlos Vigaray', 2,214),
(6592, 'Rúben Miguel Nunes Vezo', 'Rúben Vezo', 14,183),
(6675, 'Antonio Manuel Luna Rodríguez', 'Antonio Luna', 22,214),
(6787, 'Pedro López Muñoz', 'Pedro López', 19,214),
(11305, 'Raphael Dwamena', 'Raphael', 20,86),
(17303, 'Nikola Vukčević', null, 17,152),
(11532, 'Jean-Clair Todibo', null, 6,78),
(24841, 'Ricard Puig Martí', 'Riqui Puig', 28,214),
(24976, 'Abel Ruiz Ortega', 'Abel Ruiz', 29,214),
(5693, 'Gaku Shibasaki', null, 10,114),
(6741, 'Ignasi Miquel i Pons', 'Ignasi Miquel', 21,214),
(7104, 'Mathías Olivera Miramontes', 'Mathías Olivera', 17,242),
(7621, 'Hugo Duro Perales', 'Hugo Duro', 27,214),
(5674, 'Moussa Wagué', null, 40,202),
(25006, 'Carles Pérez Sayol', 'Carles Pérez', 43,214),
(6707, 'Charles Días Barbosa de Oliveira', 'Charles', 19,31),
(6778, 'Iván Ramis Barrios', 'Iván Ramis', 4,214),
(6907, 'Pedro León Sánchez Gil', 'Pedro León', 21,214),
(24948, 'Jordi Calavera Espinach', 'Jordi Calavera', 2,214),
(3666, 'Robert Kenedy Nunes do Nascimento', 'Kenedy', 25,31),
(5466, 'Oghenekaro Etebo', 'Peter Etebo', 5,166),
(6621, 'Amath Ndiaye', null, 11,202),
(6786, 'David Timor Copoví', 'David Timor', 24,214),
(25134, 'Deyverson Brum Silva Acosta', 'Deyverson', 14,31),
(8118, 'Frenkie de Jong', null, 21,160),
(23987, 'Rey Manaj', null, 41,3),
(30756, 'Anssumane Fati', 'Ansu Fati', 31,214),
(32480, 'Ronald Federico Araújo da Silva', 'Ronald Araújo', 33,242),
(3389, 'Eliaquim Mangala', null, 4,78),
(33164, 'Vicente Esquerdo Santas', 'Vicente Esquerdo', 34,214),
(36900, 'Cristian Rivero Sabater', 'Cristian Rivero', 28,214),
(24949, 'Álex Collado Gutiérrez', 'Álex Collado', 30,214),
(3265, 'José Luis Sanmartín Mato', 'Joselu', 9,214),
(3513, 'Oliver Burke', null, 24,201),
(5628, 'José Luis Rodríguez Francis', 'José Rodríguez', 38,176),
(6659, 'Víctor Camarasa Ferrando', 'Víctor Camarasa', 10,214),
(6732, 'Lucas Pérez Martínez', 'Lucas Pérez', 7,214),
(6900, 'Rafael Jesús Navarro Mazuelos', 'Rafa Navarro', 12,214),
(10318, 'Ljubomir Fejsa', null, 15,203),
(23263, 'Lisandro Magallán', null, 6,11),
(24049, 'Luis Jesús Rioja González', 'Luis Rioja', 11,214),
(26387, 'Edgar Antonio Méndez Ortega', 'Edgar Méndez', 16,214),
(30419, 'Alberto Rodríguez Baró', 'Tachi Rodríguez', 27,214),
(30760, 'Borja Sainz Eguskiza', 'Borja Sainz', 29,214),
(37236, 'Aritz Castro Pérez', 'Aritz Castro', 31,214),
(41123, 'Paulino de la Fuente Gómez', 'Paulino de la Fuente', 32,214),
(41125, 'Abdallahi Mohamed Mahmoud', null, 36,144),
(39159, 'Arnau Tenas Ureña', 'Arnau Tenas', 36,214),
(3141, 'André-Frank Zambo Anguissa', 'André Zambo Anguissa', 19,39),
(6892, 'Pau Francisco Torres', 'Pau Torres', 4,214),
(7030, 'Raúl Albiol i Tortajada', 'Raúl Albiol', 3,214),
(20063, 'Javier Ontiveros Parra', 'Javi Ontiveros', 24,214),
(24861, 'Andrei Florin Ratiu', 'Andrei Ratiu', 27,187),
(7361, 'Pablo Chavarría', null, 19,11),
(8654, 'Ante Budimir', null, 22,56),
(8689, 'Aleksandar Sedlar', null, 20,203),
(10277, 'Fabricio Martín Agosto Ramírez', 'Fabri', 13,214),
(23986, 'Aleix Febas Pérez', 'Aleix Febas', 23,214),
(24067, 'Abdón Prats Bastidas', 'Abdón Prats', 9,214),
(24072, 'Salvador Sevilla López', 'Salva Sevilla', 8,214),
(24083, 'Manuel Reina Rodríguez', 'Manolo Reina', 1,214),
(24084, 'Martin Valjent', null, 24,207),
(24086, 'Antonio José Raillo Arenas', 'Antonio Raillo', 21,214),
(24087, 'Iddrisu Baba Mohammed', 'Iddrisu Baba', 12,86),
(24088, 'Daniel José Rodríguez Vázquez', 'Dani Rodríguez', 14,214),
(24089, 'Joan Sastre Vanrell', 'Joan Sastre', 2,214),
(24576, 'Francisco Gámez López', 'Fran Gámez', 15,214),
(25061, 'Francisco Javier Campos Coll', 'Xisco Campos', 5,214),
(27342, 'Josep Señé Escudero', 'Josep Señé', 4,214),
(31090, 'Takefusa Kubo', null, 26,114),
(3163, 'Mariano Díaz Mejía', 'Mariano Díaz', 24,64),
(3379, 'Alphonse Areola', null, 1,78),
(3804, 'Ferland Mendy', null, 23,78),
(13620, 'Éder Gabriel Militão', 'Éder Militão', 3,31),
(3058, 'Javier Hernández Balcázar', null, 14,147),
(3366, 'Diego Carlos Santos Silva', 'Diego Carlos', 20,31),
(4345, 'Lucas Ariel Ocampos', 'Lucas Ocampos', 5,11),
(4445, 'Jules Koundé', null, 12,78),
(6718, 'Sergio Escudero Palomo', 'Sergio Escudero', 18,214),
(12021, 'Óliver Torres Muñoz', 'Óliver Torres', 21,214),
(16003, 'Fernando Francisco Reges', 'Fernando Reges', 25,31),
(16489, 'Nemanja Gudelj', null, 17,203),
(20033, 'Luuk de Jong', null, 19,160),
(3498, 'Ignacio Monreal Eraso', 'Nacho Monreal', 20,214),
(6330, 'Adnan Januzaj', null, 11,22),
(8252, 'Martin Ødegaard', null, 21,171),
(8819, 'Alexander Isak', null, 19,220),
(22128, 'Robin Aime Robert Le Normand', 'Robin Le Normand', 24,78),
(24236, 'Ander Guevara Lajo', 'Ander Guevara', 16,214),
(32185, 'Alejandro Remiro Gargallo', 'Álex Remiro', 1,214),
(4558, 'Pape Cheikh Diop Gueye', 'Pape Diop', 24,202),
(6776, 'David Juncà Reñé', 'David Juncà', 17,214),
(16555, 'Joseph Aidoo', null, 18,86),
(24273, 'Jorge Sáenz de Miera Colmeiro', 'Jorge Sáenz', 16,214),
(24730, 'Lucas René Olaza Catrofe', 'Lucas Olaza', 15,242),
(30294, 'Gabriel Matías Fernández Leites', 'Gabriel Fernández', 19,242),
(41122, 'Ramón Rodríguez Jiménez', 'Monchu', 42,214),
(41543, 'Jorge Cuenca Barreno', 'Jorge Cuenca', 43,214),
(6392, 'Íñigo Lekue Martínez', 'Iñigo Lekue', 15,214),
(30225, 'Oihan Sancet Tirapu', 'Oihan Sancet', 34,214),
(30715, 'Gaizka Larrazabal Goikoetxea', 'Gaizka Larrazabal', 12,214),
(32953, 'Asier Villalibre Molina', 'Asier Villalibre', 25,214),
(35473, 'Unai Vencedor Paris', 'Unai Vencedor', 27,214),
(41542, 'Daniel Vivian Moreno', 'Dani Vivian', 29,214),
(6796, 'Nemanja Radoja', null, 5,203),
(12020, 'Hernâni Jorge Santos Fortes', 'Hernâni', 8,183),
(23948, 'Carlos Clerc Martínez', 'Carlos Clerc', 19,214),
(38251, 'Daniel Cárdenas Lindez', 'Dani Cárdenas', 26,214),
(41641, 'Daniel Morer Cabrera', 'Dani Morer', 35,214),
(5194, 'Fyodor Smolov', null, 9,188),
(6310, 'Filip Bradarić', null, 14,56),
(25014, 'Juan Hernández García', 'Juan Hernández', 7,214),
(28194, 'Dragan Rosić', null, 40,203),
(32815, 'Sergio Bermejo Lillo', 'Sergio Bermejo', 28,214),
(35000, 'José Manuel Fontán Mondragón', 'José Fontán', 31,214),
(40890, 'Iván Villar Martínez', 'Iván Villar', 25,214),
(41116, 'Jacobo González Rodrigañez', 'Jacobo González', 29,214),
(24078, 'Javier Muñoz Jiménez', 'Javier Muñoz', 15,214),
(3308, 'Kieran Trippier', null, 23,68),
(5575, 'Héctor Miguel Herrera López', 'Héctor Herrera', 16,147),
(6840, 'Marcos Llorente Moreno', 'Marcos Llorente', 14,214),
(11167, 'Felipe Augusto de Almeida Monteiro', 'Felipe', 18,31),
(12041, 'João Félix Sequeira', 'João Félix', 7,183),
(26532, 'Renan Augusto Lodi dos Santos', 'Renan Lodi', 12,31),
(34532, 'Ivan Šaponjić', null, 17,203),
(3139, 'Chidozie Collins Awaziem', 'Chidozie Awaziem', 12,166),
(6602, 'Miguel Ángel Guerrero Martín', 'Miguel Ángel Guerrero', 9,214),
(6756, 'Marc Navarro Ceciliano', 'Marc Navarro', 2,214),
(6851, 'Aitor Ruibal García', 'Aitor Ruibal', 19,214),
(16024, 'Roger Claver Assalé Djapone', 'Roger Assalé', 20,55),
(22418, 'Bryan Gil Salvatierra', 'Bryan Gil', 26,214),
(30798, 'Javier Avilés Cortés', 'Javier Avilés', 33,214),
(37006, 'Pablo Lombo Suárez', 'Pablo Lombo', 35,214),
(41291, 'Iván Amores Alonso', 'Iván Amores', 36,214),
(3122, 'Yannis Salibur', null, 16,78),
(24079, 'Júnior Wakalibille Lago', 'Lago Junior', 11,55),
(24269, 'Marc Pedraza Sarto', 'Marc Pedraza', 6,214),
(24613, 'Alejandro Pozo Pozo', 'Alejandro Pozo', 7,214),
(25595, 'Miquel Parera Pizá', 'Miquel Parera', 25,214),
(30512, 'Aleksandar Trajkovski', null, 17,135),
(5202, 'José Ignacio Fernández Iglesias', 'Nacho', 6,214),
(6319, 'Luka Jović', null, 18,203),
(25104, 'Rodrygo Silva de Goes', 'Rodrygo', 27,31),
(12073, 'Pablo Hervías Ruiz', 'Pablo Hervías', 11,214),
(17520, 'Federico Barba', null, 3,112),
(24777, 'Waldo Rubio Martín', 'Waldo Rubio', 23,214),
(32673, 'Jorge De Frutos Sebastián', 'Jorge De Frutos', 12,214),
(6982, 'Maxime Gonalons', null, 4,78),
(8866, 'Carlos Fernández Luna', 'Carlos Fernández', 24,214),
(11501, 'Darwin Daniel Machís Marcano', 'Darwin Machís', 23,246),
(16249, 'Yangel Clemente Herrera Ravelo', 'Yangel Herrera', 21,246),
(16538, 'İsmail Köybaşı', null, 11,233),
(23807, 'Domingos Sousa Coutinho Meneses Duarte', 'Domingos Duarte', 22,183),
(24052, 'Yan Brice Eteki', 'Yan Eteki', 8,39),
(24126, 'José Antonio Rodríguez Díaz', 'Antonio Puertas', 10,214),
(24127, 'Ramon Olamilekan Azeez', 'Ramon Azeez', 12,166),
(24133, 'Víctor David Díaz Miguel', 'Víctor Díaz', 16,214),
(24134, 'Germán Sánchez Barahona', 'Germán Sánchez', 6,214),
(24140, 'Rui Tiago Dantas da Silva', 'Rui Silva', 1,183),
(24142, 'José Antonio Martínez Gil', 'José Martínez', 5,214),
(24143, 'Álvaro Vadillo Cifuentes', 'Álvaro Vadillo', 7,214),
(25702, 'Carlos Neva Tey', 'Carlos Neva', 15,214),
(25704, 'Aarón Escandell Banacloche', 'Aarón Escandell', 13,214),
(26009, 'Roberto Soldado Rillo', 'Roberto Soldado', 9,214),
(30420, 'Víctor Campuzano Bonilla', 'Víctor Campuzano', 31,214),
(30421, 'Matías Ezequiel Vargas Martín', 'Matías Vargas', 22,11),
(31885, 'Pol Lozano Vizuete', 'Pol Lozano', 26,214),
(32670, 'Víctor Gómez Perea', 'Víctor Gómez', 34,214),
(41456, 'Nicolás Melamed Ribaudo', 'Nico Melamed', 33,214),
(41603, 'Daniel Villahermosa Martínez', 'Dani Villahermosa', 38,214),
(6591, 'Ignacio Vidal Miralles', 'Nacho Vidal', 2,214),
(6730, 'Rubén Iván Martínez Andrade', 'Rubén Martínez', 13,214),
(6735, 'Adrián López Álvarez', 'Adrián López', 22,214),
(6810, 'José Manuel Arnáiz Díaz', 'José Arnáiz', 16,214),
(23213, 'Enric Gallego Puigsech', 'Enric Gallego', 11,214),
(23944, 'Oier Sanjurjo Mate', 'Oier', 6,214),
(23945, 'Iñigo Pérez Soto', 'Iñigo Pérez', 21,214),
(23947, 'Roberto Torres Morales', 'Roberto Torres', 10,214),
(23950, 'David García Zubiría', 'David García', 5,214),
(24085, 'Pervis Josué Estupiñán Tenorio', 'Pervis Estupiñán', 30,65),
(24211, 'Sergio Herrera Pirón', 'Sergio Herrera', 1,214),
(24212, 'Aridane Hernández Umpiérrez', 'Aridane Hernández', 23,214),
(24315, 'Enrique Barja Afonso', 'Kike Barja', 19,214),
(25062, 'Juan Manuel Pérez Ruiz', 'Juan Pérez', 25,214),
(30277, 'Jon Moncayola Tollar', 'Jon Moncayola', 27,214),
(40114, 'Javier Martínez Calvo', 'Javi Martínez', 33,214),
(40115, 'Aimar Oroz', null, 34,214),
(41471, 'José Javier Hualde Zaratiegui', 'José Hualde', 35,214),
(6388, 'Ander Iturraspe Derteano', 'Ander Iturraspe', 8,214),
(6848, 'Andrés Tomás Prieto Albert', 'Andrés Prieto', 1,214),
(6930, 'Jonathan Calleri', null, 12,11),
(10709, 'Modibo Sagnan', null, 15,78),
(24144, 'Ángel Montoro Sánchez', 'Ángel Montoro', 19,214),
(24324, 'Gustavo Adrián Ramos Vásquez', 'Adrián Ramos', 20,49),
(3218, 'Marcos Paulo Mesquita Lopes', 'Rony Lopes', 7,183),
(7022, 'Jesús Joaquín Fernández Sáez de la Torre', 'Suso', 14,214),
(33146, 'José Mena Rodríguez', 'José Mena', 26,214),
(33307, 'Genaro Rodríguez Serrano', 'Genaro Rodríguez', 36,214),
(41409, 'Pablo Pérez Rico', 'Pablo Pérez', 40,214),
(41408, 'Javier Enrique Delgado Saverio', 'Kike Saverio', 38,65),
(20735, 'Miguel De la Fuente Escudero', 'Miguel De la Fuente', 29,214),
(21225, 'Javier Sánchez de Felipe', 'Javier Sánchez', 5,214),
(24141, 'Federico San Emeterio Díaz', 'Fede', 16,214),
(24920, 'José Antonio Caro Díaz', 'Churripi', 13,214),
(29256, 'Matheus Fernandes Siqueira', 'Matheus Fernandes', 8,31),
(34728, 'Diego Alende López', 'Diego Alende', 30,214),
(40881, 'Enrique Pérez Muñoz', 'Kike Pérez', 28,214),
(41610, 'Víctor García Raja', 'Víctor García', 35,214),
(5633, 'Yannick Ferreira Carrasco', 'Yannick Carrasco', 21,22),
(33339, 'Manuel Sánchez De La Peña', 'Manu Sánchez', 35,214),
(41732, 'Ricard Sánchez Sendra', 'Ricard Sánchez', 42,214),
(41733, 'Álvaro García Segovia', 'Álvaro García', 26,214),
(6910, 'Eduardo Expósito Jaén', 'Edu Expósito', 10,214),
(23808, 'Enrique González Casín', 'Quique', 7,214),
(23981, 'Álvaro Tejero Sacristán', 'Álvaro Tejero', 24,214),
(2948, 'Nabil Fekir', null, 8,78),
(26404, 'Guido Rodríguez', null, 21,11),
(30518, 'Daniel Martín Fernández', 'Dani Martín', 13,214),
(33079, 'Edgar González Estrada', 'Edgar González', 32,214),
(3515, 'Alberto Moreno Pérez', 'Alberto Moreno', 18,214),
(6402, 'Francisco Alcácer García', 'Paco Alcácer', 17,214),
(15737, 'Sergio Lozano Lluch', 'Sergio Lozano', 28,214),
(22819, 'Bruno Soriano Llido', 'Bruno Soriano', 21,214),
(34515, 'Fernando Niño Rodriguez', 'Fernando Niño', 34,214),
(35287, 'Sofian Chakla', 'Soufiane Chakla', 22,154),
(20734, 'Sergio Akieme Rodríguez', 'Sergio Akieme', 39,214),
(23803, 'Esteban Rodrigo Burgos', 'Esteban Burgos', 2,11),
(10525, 'Kenny Miller', null, 16,201),
(15595, 'Steffen Iversen', null, 19,171),
(17727, 'Ioan Viorel Ganea', 'Ionel Ganea', 20,187),
(24765, 'Denis Irwin', null, 2,109),
(40304, 'Lee Naylor', null, 3,68),
(40305, 'Mark Kennedy', null, 11,109),
(40311, 'Alex Rae', null, 4,201),
(40312, 'Paul Butler', null, 6,68),
(40313, 'Colin Cameron', null, 10,201),
(40314, 'Jody Craddock', null, 12,68),
(40319, 'Paul Jones', null, 21,249),
(40320, 'Carl Cort', null, 27,97),
(12529, 'Ashley Cole', null, 3,68),
(15042, 'Dennis Bergkamp', null, 10,160),
(15515, 'Patrick Vieira', null, 4,78),
(15516, 'Thierry Henry', null, 14,78),
(15637, 'Sulzeer Jeremiah Sol Campbell', 'Sol Campbell', 23,68),
(19312, 'Robert Pirès', null, 7,78),
(20015, 'Jens Lehmann', null, 1,85),
(23816, 'José Antonio Reyes Calderón', 'José Antonio Reyes', 9,214),
(26014, 'Eduardo César Daude Gaspar', 'Edu Gaspar', 17,31),
(38412, 'Kolo Habib Touré', 'Kolo Touré', 28,55),
(40221, 'Gilberto Aparecido da Silva', 'Gilberto Silva', 19,31),
(40222, 'Laureano Bisan-Etame Mayer', 'Lauren', 12,39),
(3337, 'Jermain Defoe', null, 18,68),
(3872, 'Johnnie Jackson', null, 32,68),
(11348, 'Robbie Keane', null, 10,109),
(15638, 'Jamie Redknapp', null, 15,68),
(20488, 'Ledley King', null, 26,68),
(25960, 'Frédéric Oumar Kanouté', 'Frédéric Kanouté', 9,140),
(40272, 'Stephen Kelly', null, 34,109),
(40273, 'Goran Bunjevčević', null, 5,203),
(40274, 'Kasey Keller', null, 13,241),
(40275, 'Mauricio Taricco', null, 3,11),
(40276, 'Gustavo Augusto Poyet Domínguez', 'Gustavo Poyet', 14,242),
(40277, 'Simon Davies', null, 29,249),
(40278, 'Michael Brown', null, 6,68),
(40279, 'Anthony Gardner', null, 30,68),
(40316, 'Rohan Ricketts', null, 27,68),
(15654, 'Martin Keown', null, 5,68),
(20302, 'Gaël Clichy', null, 22,78),
(24972, 'Ray Parlour', null, 15,68),
(42458, 'Graham Stack', null, 33,109),
(3633, 'Gareth Barry', null, 6,68),
(4394, 'Peter Whittingham', null, 17,68),
(15092, 'Alpay Fehmi Özalan', 'Alpay Özalan', 5,233),
(15761, 'Olof Mellberg', null, 4,220),
(20019, 'Thomas Hitzlsperger', null, 12,85),
(20145, 'Thomas Løvendahl Sørensen', 'Thomas Sørensen', 1,61),
(20327, 'Darius Vassell', null, 10,68),
(24763, 'Ronny Johnsen', null, 27,171),
(40359, 'Jlloyd Tafari Samuel', 'Jlloyd Samuel', 3,231),
(40360, 'Ulises Hernán de la Cruz Bernardo', 'Ulises de la Cruz', 15,65),
(40361, 'Mark Anthony Delaney', 'Mark Delaney', 2,249),
(40362, 'Juan Pablo Ángel Arango', 'Juan Pablo Ángel', 18,49),
(40363, 'Lee Hendrie', null, 7,68),
(364783, 'Hassan Kachloul', null, 22,154),
(364784, 'Mark Kinsella', null, 26,109),
(364785, 'Stefan Postma', null, 13,160),
(15512, 'Sylvain Wiltord', null, 11,78),
(15754, 'Fredrik Ljungberg', null, 8,220),
(40870, 'Stuart Taylor', null, 13,68),
(3538, 'Wayne Mark Rooney', 'Wayne Rooney', 18,68),
(19497, 'Nigel Martyn', null, 25,68),
(20189, 'Tobias Linderoth', null, 22,220),
(24794, 'Duncan Ferguson', null, 10,201),
(40281, 'David Unsworth', null, 6,68),
(40282, 'Gary Naysmith', null, 15,201),
(40285, 'Alan Stubbs', null, 4,68),
(40286, 'Tomasz Radziński', null, 8,40),
(40287, 'Tie Li', 'Li Tie', 12,46),
(40288, 'Joseph Phillip Yobo', null, 20,166),
(129558, 'Tony Hibbert', null, 28,68),
(375066, 'Lee Carsley', null, 26,109),
(375067, 'Francis Jeffers', null, 11,68),
(375068, 'Kevin Campbell', null, 9,68),
(375069, 'Steve Simonsen', null, 13,68),
(375070, 'Kevin Kilbane', null, 14,109),
(24971, 'Nwankwo Christian Kanu', null, 25,166),
(26194, 'Pascal Cygan', null, 18,78),
(40255, 'Jérémie Aliadière', null, 30,78),
(41623, 'Rami Shaaban', null, 24,220),
(4040, 'Peter Crouch', null, 16,68),
(13439, 'Liam Ridgewell', null, 24,68),
(20180, 'Marcus Allbäck', null, 14,220),
(7752, 'Brad Jones', null, 35,14),
(9585, 'Stewart Downing', null, 19,68),
(15403, 'Gareth Southgate', null, 6,68),
(17793, 'Boudewijn Zenden', null, 27,160),
(40252, 'Massimo Maccarone', null, 9,112),
(40322, 'Mark Schwarzer', null, 1,14),
(40323, 'Joseph-Desiré Job', null, 16,39),
(40324, 'George Boateng', null, 7,160),
(40325, 'Ugo Ehiogu', null, 4,68),
(40326, 'Danny Mills', null, 15,68),
(40327, 'Szilárd Németh', null, 8,207),
(40328, 'Franck Queudrue', null, 3,78),
(40329, 'Dorival Guidoni Júnior', 'Doriva', 20,31),
(40330, 'Chris Riggott', null, 5,68),
(40331, 'Oswaldo Giroldo Júnior', 'Juninho Paulista', 10,31),
(40402, 'Stuart Parnaby', null, 21,68),
(24840, 'Justin Hoyte', null, 45,231),
(15036, 'Edwin van der Sar', null, 1,160),
(20505, 'Louis Saha', null, 8,78),
(38566, 'Lee Clark', null, 10,68),
(40407, 'Steed Malbranque', null, 14,78),
(40408, 'Moritz Volz', null, 2,85),
(40409, 'Junichi Inamoto', null, 6,114),
(40410, 'Barry Hayles', null, 15,113),
(40411, 'Sylvain Legwinski', null, 5,78),
(40412, 'Sean Davis', null, 23,68),
(40413, 'Zat Knight', null, 16,68),
(40414, 'Jérôme Bonnissel', null, 18,78),
(40415, 'Andy Melville', null, 4,249),
(40422, 'Alain Goma', null, 24,78),
(40423, 'Martin Djetou', null, 17,78),
(45964, 'Mark Crossley', null, 12,249),
(45965, 'Facundo Sava', null, 9,11),
(15411, 'Darren Anderton', null, 7,68),
(20011, 'Hélder Manuel Marques Postiga', 'Hélder Postiga', 8,183),
(26149, 'Stephane Dalmat', 'Stéphane Dalmat', 11,78),
(38402, 'Bobby Zamora', null, 25,68),
(38404, 'Paul Konchesky', null, 16,68),
(40315, 'Mbulelo Mabizela', null, 21,211),
(40317, 'Dean Richards', null, 36,68),
(40318, 'Stephen Carr', null, 2,109),
(15399, 'Robbie Fowler', null, 8,68),
(15407, 'Steve McManaman', null, 20,68),
(15519, 'Nicolas Anelka', null, 39,78),
(19636, 'Paul Bosvelt', null, 26,160),
(20329, 'David James', null, 1,68),
(20447, 'Richard Dunne', null, 22,109),
(24758, 'Michael Tarnat', null, 18,85),
(38465, 'Claudio Reyna', null, 6,241),
(38551, 'Shaun Wright-Phillips', null, 29,68),
(38552, 'Joey Barton', null, 24,68),
(40215, 'Jihai Sun', 'Sun Jihai', 17,46),
(40217, 'Trevor Sinclair', null, 28,68),
(40218, 'Sylvain Distin', null, 5,78),
(4022, 'Darren Fletcher', null, 24,201),
(13042, 'Tim Howard', null, 14,241),
(15402, 'Gary Neville', null, 2,68),
(15590, 'Ole Gunnar Solskjær', 'Ole Gunnar Solskjaer', 20,171),
(15660, 'Phil Neville', null, 3,68),
(15666, 'Paul Scholes', null, 18,68),
(16890, 'John O''Shea', 'John O''Shea', 22,109),
(19729, 'Ruud van Nistelrooy', 'Ruud van Nistelrooy', 10,160),
(20175, 'Ryan Giggs', null, 11,249),
(20341, 'Mikaël Silvestre', null, 27,78),
(24761, 'Nicky Butt', null, 8,68),
(24805, 'Roy Keane', null, 16,109),
(40364, 'Roy Carroll', null, 13,169),
(40365, 'Eric Daniel Djemba-Djemba', null, 19,39),
(40366, 'Wes Brown', null, 6,68),
(7814, 'Anthony Le Tallec', null, 0,78),
(9845, 'John Welsh', null, 0,68),
(15280, 'Vladimir Smicer', null, 11,60),
(15659, 'Emile Heskey', null, 0,68),
(15665, 'Michael Owen', null, 10,68),
(19109, 'Steven Gerrard', null, 0,68),
(34386, 'John Arne Semundseth Riise', 'John Arne Riise', 0,171),
(34389, 'Sami Hyypiä', null, 0,77),
(34390, 'Jerzy Dudek', null, 0,182),
(34391, 'Harry Kewell', null, 0,14),
(34392, 'Steve Finnan', null, 0,109),
(40254, 'Igor Bišćan', null, 0,56),
(40256, 'Salif Alassane Diao', 'Salif Diao', 0,202),
(40257, 'El-Hadji Ousseynou Diouf', 'El-Hadji Diouf', 9,202),
(15049, 'Billy McKinlay', null, 0,201),
(15173, 'Steffen Freund', null, 0,85),
(24798, 'Nikos Dabizas', 'Nikolaos Dabizas', 0,88),
(40235, 'Danny Coyne', null, 0,249),
(40236, 'Ian Walker', null, 1,68),
(40237, 'James Scowcroft', null, 0,68),
(40238, 'Lilian Nalis', null, 0,78),
(40239, 'Jordan Stewart', null, 0,68),
(40240, 'Paul Dickov', null, 0,201),
(40241, 'Matt Heath', null, 0,68),
(40242, 'Marcus Bent', null, 0,68),
(40243, 'Frank Mohammed Sinclair', 'Frank Sinclair', 0,113),
(40244, 'Trevor Benjamin', null, 0,113),
(40245, 'Paul Brooker', null, 0,68),
(45969, 'Keith Gillespie', null, 7,169),
(45970, 'Steve Guppy', null, 27,68),
(4357, 'Matthew Taylor', null, 14,68),
(9791, 'Richard Duffy', null, 31,249),
(15410, 'Teddy Sheringham', null, 10,68),
(15505, 'Steve Stone', null, 19,68),
(20331, 'Ivica Mornar', null, 37,56),
(38403, 'Shaka Hislop', null, 1,231),
(40337, 'Yakubu Aiyegbeni', null, 20,166),
(40338, 'Nigel Quashie', null, 11,201),
(40339, 'Arjan de Zeeuw', null, 6,160),
(40340, 'Dejan Stefanovic', null, 3,203),
(40343, 'Amdy Moustapha Faye', 'Amdy Fayé', 15,202),
(376516, 'Richard Hughes', null, 22,201),
(376517, 'John Curtis', null, 33,68),
(376518, 'Trésor Lomana LuaLua', null, 32,52),
(376519, 'Harald Wapenaar', null, 25,160),
(376520, 'Kevin Harper', null, 7,201),
(376521, 'David Bentley', null, 37,68),
(11270, 'Eiður Smári Guðjohnsen', 'Eiður Guðjohnsen', 22,104),
(15524, 'Jesper Grønkjær', 'Jesper Grönkjaer', 30,61),
(18105, 'Adrian Mutu', null, 7,187),
(20254, 'Claude Makélélé', null, 4,78),
(20257, 'William Gallas', null, 13,78),
(20281, 'Mario Melchiot', null, 15,160),
(20286, 'Scott Parker', null, 19,68),
(20287, 'John Terry', null, 26,68),
(20330, 'Frank Lampard', null, 8,68),
(40258, 'Wayne Bridge', null, 18,68),
(40259, 'Joe Cole', null, 10,68),
(40261, 'Gérémi Sorele Njitap Fotso', null, 14,39),
(40262, 'Jerrel Hasselbaink', 'Jimmy Floyd Hasselbaink', 9,160),
(40271, 'Neil Sullivan', null, 34,201),
(9353, 'Nicky Hunt', null, 18,68),
(15073, 'Youri Djorkaeff', null, 6,78),
(19772, 'Stylianos Giannakopoulos', null, 7,88),
(21540, 'Kevin Nolan', null, 4,68),
(40383, 'Émerson Augusto Thome', 'Émerson Thome', 26,31),
(40384, 'Augustine Azuka "Jay-Jay" Okocha', null, 10,166),
(40385, 'Jussi Jääskeläinen', null, 22,77),
(40386, 'Iván Campo Ramos', 'Iván Campo', 16,214),
(40387, 'Henrik Pedersen', null, 9,61),
(40388, 'Kevin Cyril Davies', 'Kevin Davies', 14,68),
(40389, 'Per Frandsen', null, 8,61),
(40390, 'Simon Charlton', null, 3,68),
(40391, 'Ricardo Wayne Gardner', 'Ricardo Gardner', 11,113),
(40392, 'Ibrahim Ba', null, 15,78),
(45966, 'Kevin Poole', null, 1,68),
(45967, 'Anthony Barness', null, 2,68),
(15259, 'Patrik Berger', null, 13,60),
(20402, 'Boris Živković', null, 4,56),
(20510, 'Alexei Gennadyevich Smertin', 'Alexey Smertin', 30,188),
(40336, 'Sébastien Schemmel', null, 28,78),
(40341, 'Tim Sherwood', null, 8,68),
(40342, 'Jason Roberts', null, 31,90),
(11009, 'Chris Baird', null, 32,169),
(40433, 'Kevin Phillips', null, 7,68),
(40434, 'Paul Telfer', null, 33,201),
(40435, 'Rory Delap', null, 18,109),
(40436, 'Darren Kenton', null, 22,68),
(40437, 'Brett Ormerod', null, 36,68),
(40438, 'Antti Mikko Niemi', 'Antti Niemi', 14,77),
(40439, 'David Prutton', null, 20,68),
(40440, 'Léandre Griffit', null, 30,78),
(40441, 'Michael Lennart Svensson', 'Michael Svensson', 11,220),
(40442, 'James Beattie', null, 9,68),
(40443, 'Neill McCann', null, 10,201),
(40444, 'Fitz Hall', null, 15,68),
(40445, 'Danny Higginbotham', null, 19,87),
(45995, 'Chris Marsden', null, 4,68),
(3473, 'James Philip Milner', 'James Milner', 38,68),
(3953, 'Aaron Lennon', null, 25,68),
(4815, 'Scott Carson', null, 40,68),
(26649, 'Jermaine Pennant', null, 11,68),
(38557, 'David Batty', null, 23,68),
(40132, 'Paul Robinson', null, 1,68),
(40263, 'Zoumana Camara', null, 6,78),
(40264, 'Michael Bridges', null, 8,68),
(40265, 'José Vitor Roque Júnior', 'Roque Júnior', 12,31),
(40266, 'Seth Johnson', null, 20,68),
(40267, 'Alan Smith', null, 17,68),
(40268, 'René Salomon Olembé-Olembé', null, 24,39),
(40269, 'Lamine Sakho', null, 10,202),
(40270, 'Gary Oliver Kelly', 'Gary Kelly', 2,109),
(40368, 'Ian Harte', null, 3,109),
(40371, 'Michael Duberry', null, 22,68),
(40403, 'Malcolm Christie', null, 11,68),
(40404, 'Alan Wright', null, 22,68),
(40405, 'Colin Cooper', null, 28,68),
(40406, 'Andrew Davies', null, 24,68),
(40393, 'Bruno N''Gotty', 'Bruno N''Gotty', 5,78),
(20059, 'Aaron Hughes', null, 18,169),
(20446, 'Shay Given', null, 1,109),
(24799, 'Gary Speed', null, 11,249),
(24801, 'Steve Harper', null, 12,68),
(26010, 'Hugo Miguel Ferreira Gomes Viana', 'Hugo Viana', 45,183),
(38418, 'Jonathan Woodgate', null, 27,68),
(40225, 'Andy O''Brien', null, 5,109),
(40226, 'Craig Bellamy', null, 10,249),
(40227, 'Laurent Robert', null, 32,78),
(40228, 'Lee Bowyer', null, 29,68),
(40229, 'Darren Ambrose', null, 17,68),
(40230, 'Titus Malachi Bramble', 'Titus Bramble', 19,68),
(40231, 'Alan Shearer', null, 9,68),
(40232, 'Shola Ameobi', null, 23,166),
(40233, 'Olivier Bernard', null, 35,78),
(40234, 'Jermaine Jenas', null, 7,68),
(40290, 'Robbie Savage', null, 0,249),
(40291, 'Clinton Morrison', null, 0,109),
(40292, 'Maik Taylor', null, 0,169),
(40293, 'Damien Johnson', null, 0,169),
(40294, 'Bryan Hughes', null, 0,68),
(40295, 'Stan Lazaridis', null, 0,14),
(40296, 'Kenny Cunningham', null, 0,109),
(40297, 'Stephen Clemence', null, 0,68),
(40298, 'Jamie Clapham', null, 0,68),
(40299, 'Stern John', null, 0,231),
(40300, 'Matthew Upson', null, 0,68),
(40301, 'Mikael Forssell', null, 0,77),
(40302, 'David Dunn', null, 0,68),
(40303, 'Aliou Cissé', null, 0,202),
(19735, 'Milan Baroš', null, 5,60),
(34388, 'Jamie Carragher', null, 23,68),
(38454, 'Danny Murphy', null, 13,68),
(38522, 'Dietmar Hamann', null, 16,85),
(3793, 'Matthew Kilgallon', null, 36,68),
(15400, 'Nick Barmby', null, 7,68),
(39847, 'Dominic Matteo', null, 21,201),
(40369, 'Steven Caldwell', null, 15,201),
(40370, 'Lucas Radebe', null, 5,211),
(40372, 'Simon Johnson', null, 39,68),
(40373, 'Mark Viduka', null, 9,14),
(15409, 'David Seaman', null, 1,68),
(40216, 'Eyal Berkovic', null, 0,111),
(40219, 'Danny Tiatto', null, 0,14),
(40220, 'David Sommeil', null, 0,78),
(40223, 'Antoine Sibierski', null, 0,78),
(3794, 'Colin Doyle', null, 13,109),
(40400, 'Olivier Tébily', null, 26,55),
(40401, 'Ian Bennett', null, 1,68),
(41624, 'Martin Taylor', null, 15,68),
(15095, 'Tugay Kerimoğlu', null, 8,233),
(15272, 'Markus Babbel', null, 11,85),
(24766, 'Dwight Yorke', null, 19,231),
(24767, 'Andy Cole', null, 9,68),
(38464, 'Brad Friedel', null, 1,241),
(40353, 'Vratislav Greško', null, 3,207),
(40354, 'Lucas Neill', null, 2,14),
(40355, 'Andy Todd', null, 15,68),
(40356, 'Craig Short', null, 6,68),
(40357, 'Brett Emerton', null, 23,14),
(40395, 'Michael Gray', null, 33,68),
(40396, 'Matt Jansen', null, 10,68),
(40397, 'Martin Andresen', null, 25,171),
(40398, 'Jonathan Douglas', null, 26,109),
(15513, 'Thomas Gravesen', null, 0,61),
(38558, 'Steve Watson', null, 0,68),
(40280, 'Richard Wright', null, 0,68),
(40283, 'Nick Chadwick', null, 0,68),
(40284, 'Alessandro Pistone', null, 0,112),
(40289, 'Mark Pembridge', null, 0,249),
(15405, 'Paul Ince', null, 8,68),
(40306, 'Dean Sturridge', null, 29,68),
(40307, 'Shaun Newton', null, 7,68),
(40308, 'Henri Camara', null, 17,202),
(40309, 'Oleg Luzhny', 'Oleg Luzhnyi', 22,238),
(40310, 'Michael Oakes', null, 1,68),
(13808, 'Radostin Kishishev', null, 2,35),
(20153, 'Claus Jensen', null, 10,61),
(20549, 'Jamal Julian Campbell-Ryce', 'Jamal Campbell-Ryce', 22,113),
(40374, 'Jason Joseph Euell', 'Jason Euell', 9,113),
(40375, 'Paolo Di Canio', null, 11,112),
(40376, 'Graham Stuart', null, 4,68),
(40377, 'Hermann Hreidarsson', null, 12,104),
(40378, 'Dean Kiely', null, 1,109),
(40379, 'Matt Holland', null, 8,109),
(40380, 'Mark Fish', null, 6,211),
(40381, 'Chris Perry', null, 36,68),
(40382, 'Jonatan Lillebror Johansson', 'Jonatan Johansson', 21,77),
(20326, 'Kieron Dyer', null, 0,68),
(5207, 'Cristiano Ronaldo dos Santos Aveiro', 'Cristiano Ronaldo', 7,183),
(20171, 'Rio Ferdinand', null, 5,68),
(26199, 'Diego Forlán Corazo', 'Diego Forlán', 21,242),
(40246, 'Quinton Fortune Kolobea', null, 25,211),
(38556, 'Leslie Ferdinand', 'Les Ferdinand', 9,68),
(38569, 'Steve Howey', null, 24,68),
(375885, 'Matt Elliott', null, 18,201),
(375886, 'Craig Hignett', null, 5,68),
(375887, 'Riccardo Scimeca', null, 21,68),
(375888, 'Andy Impey', null, 2,68),
(375889, 'Ben Thatcher', null, 33,249),
(375890, 'Callum Davidson', null, 14,201),
(38466, 'Brian McBride', null, 8,241),
(40420, 'Carlos Manuel Bocanegra', 'Carlos Bocanegra', 34,241),
(40421, 'Ian Pearce', null, 35,68),
(40424, 'Luís Boa Morte Pereira', 'Luís Boa Morte', 11,183),
(40425, 'Collins John', null, 36,160),
(19857, 'Marians Pahars', null, 17,126),
(20193, 'Anders Svensson', null, 12,220),
(377674, 'Graeme Le Saux', null, 3,68),
(377675, 'Paul Daniel Smith', null, 13,68),
(377676, 'Stephen Crainey', null, 6,201),
(4067, 'Michael Turner', null, 23,68),
(40416, 'Luke Young', null, 19,68),
(40417, 'Jonathan Fortune', null, 24,68),
(40418, 'Carlton Cole Okirie', null, 35,68),
(41458, 'Simon Royce', null, 25,68),
(41459, 'Shaun Thurston Bartlett', null, 17,211),
(5109, 'Paulo Dino Gazzaniga', 'Paulo Gazzaniga', 1,11),
(5691, 'Johan Andrés Mojica Palacio', 'Johan Mojica', 25,49),
(7064, 'Lucas Ariel Boyé', 'Lucas Boyé', 9,11),
(7897, 'Miguel Ángel Garrido Cifuentes', 'Cifu', 23,214),
(9857, 'José Manuel Sánchez Guillén', 'Josema Sánchez', 24,214),
(15880, 'Emiliano Ariel Rigoni', 'Emiliano Rigoni', 22,11),
(18783, 'Omenuke Mfulu', 'Omenuke Mfulu', 6,52),
(23825, 'Fidel Chaves de la Torre', 'Fidel', 16,214),
(24165, 'Edgar Badía Guardiola', 'Edgar Badía', 13,214),
(24166, 'Juan Francisco Martínez Modesto', 'Nino', 7,214),
(24169, 'Gonzalo Cacicedo Verdú', 'Gonzalo Verdú', 5,214),
(24175, 'Daniel Pedro Calvo San Román', 'Dani Calvo', 12,214),
(24251, 'José Antonio Morente Oliva', 'Tete Morente', 11,214),
(24517, 'José Raúl Gutiérrez Parejo', 'Raúl Guti', 14,214),
(27477, 'Helibelton Palacios Zapata', 'Helibelton Palacios', 18,49),
(34323, 'Luis Miguel Sánchez Benítez', 'Luismi Sánchez', 15,214),
(41106, 'Jonatan Carmona Alamo', 'Jony Carmona', 37,214),
(41650, 'Gerard Barri Paytuvi', 'Gerard Barri', 32,214),
(41859, 'Lluis Andreu i Ruiz', 'Lluis Andreu', 45,214),
(67040, 'John Nwankwo Donald Okeh', 'John Nwankwo', 26,214),
(6947, 'Miralem Pjanić', null, 8,28),
(21881, 'Sergino Dest', 'Sergiño Dest', 2,241),
(22390, 'Francisco António Machado Mota de Castro Trincão', 'Francisco Trincão', 17,183),
(30486, 'Pedro González López', 'Pedri', 16,214),
(39469, 'Konrad De La Fuente', 'Konrad De la Fuente', 29,241),
(43728, 'Óscar Mingueza García', 'Óscar Mingueza', 28,214),
(7478, 'Alejandro Berenguer Remiro', 'Álex Berenguer', 12,214),
(30468, 'Iñigo Vicente Elorduy', 'Iñigo Vicente', 26,214),
(47226, 'Jon Morcillo Conesa', 'Jon Morcillo', 2,214),
(3810, 'Shinji Okazaki', null, 12,114),
(6564, 'Pablo Maffeo Becerra', 'Pablo Maffeo', 3,214),
(6656, 'Mikel Rico Moreno', 'Mikel Rico', 17,214),
(6733, 'Pedro Mosquera Parada', 'Pedro Mosquera', 5,214),
(16298, 'Denis Vavro', null, 25,207),
(22199, 'Sergio Gómez Martín', 'Sergio Gómez', 10,214),
(23307, 'Idrissa Doumbia', null, 2,55),
(23322, 'Javier Galán Gil', 'Javier Galán', 11,214),
(23812, 'Rafael Mir Vicente', 'Rafa Mir', 9,214),
(24055, 'Juan Carlos Real Ruiz', 'Juan Carlos', 21,214),
(24681, 'Daniel Escriche Romero', 'Dani Escriche', 23,214),
(25598, 'Álvaro Fernández Llorente', 'Álvaro Fernández', 1,214),
(30483, 'Jaime Seoane Valenciano', 'Jaime Seoane', 20,214),
(39073, 'Moriba Kourouma Kourouma', 'Ilaix Moriba', 27,95),
(5266, 'Lucas Torreira Di Pascua', 'Lucas Torreira', 5,242),
(5461, 'Šime Vrsaljko', null, 24,56),
(12509, 'Moussa Dembélé', null, 19,78),
(29342, 'Ivo Grbić', null, 1,56),
(4267, 'Mouctar Diakhaby', null, 12,95),
(22107, 'Thierry Rendall Correia', 'Thierry Correia', 2,183),
(23978, 'Manuel Javier Vallejo Galván', 'Manu Vallejo', 21,214),
(24267, 'Uroš Račić', null, 19,203),
(25005, 'Alejandro Blanco Sánchez', 'Álex Blanco', 37,214),
(38792, 'Yunus Dimoara Musah', null, 30,241),
(39083, 'Guillem Molina Gutiérrez', 'Guillem Molina', 31,214),
(39164, 'Koba Lein Koindredi', null, 27,78),
(41687, 'Unai Etxebarría Martín', 'Unai Etxebarría', 42,214),
(3093, 'Florian Grégoire Claude Lejeune', null, 22,78),
(9462, 'José Ignacio Peleteiro Ramallo', 'Jota Peleteiro', 24,214),
(10605, 'Rodrigo Andrés Battaglia', 'Rodrigo Battaglia', 6,11),
(31779, 'Tomas Franco Tavares', 'Tomas Tavares', 37,183),
(6683, 'Cheick Doukouré', null, 25,55),
(23966, 'Mickaël Malsa', null, 12,143),
(30492, 'Francisco Javier Hidalgo Gómez', 'Son', 2,214),
(30593, 'Daniel Gómez Alcón', 'Dani Gómez', 21,214),
(41202, 'Giorgi Kochorashvili', null, 43,84),
(114272, 'Alejandro Cantero Sánchez', null, 29,214),
(6908, 'Iván Alejo Peralta', 'Iván Alejo', 14,214),
(20542, 'Álvaro Negredo Sánchez', 'Álvaro Negredo', 18,214),
(23811, 'Alberto Perea Correoso', 'Alberto Perea', 10,214),
(23934, 'Rafael Jiménez Jarque', 'Fali Jiménez', 3,214),
(23967, 'Alejandro Fernández Iglesias', 'Álex', 8,214),
(23970, 'José María Martín-Bejarano Serrano', 'José Mari', 6,214),
(23971, 'Jairo Izquierdo González', 'Jairo Izquierdo', 25,214),
(23973, 'Salvador Sánchez Ponce', 'Salvi', 7,214),
(24034, 'Jorge Marcos Pombo Escobar', 'Jorge Pombo', 11,214),
(24270, 'Filip Malbašić', null, 24,203),
(24322, 'Isaac Carcelén Valencia', 'Isaac Carcelén', 20,214),
(24593, 'Marcos Mauro López Gutiérrez', 'Marcos Mauro', 4,11),
(24616, 'Luis Alfonso Espino García', 'Alfonso Espino', 22,242),
(24712, 'Jon Ander Garrido Moracia', 'Jon Garrido', 5,214),
(29198, 'Jeremías Ledesma', null, 1,11),
(30370, 'Jens Jønsson', null, 2,61),
(31793, 'David Gil Mohedano', 'David Gil', 13,214),
(41176, 'Juan Flere Pizzuti', 'Juan Flere', 26,11),
(47344, 'José Alejandro Martín Valerón', 'Álex Martín', 37,214),
(2961, 'Yann Bodiger', null, 12,78),
(6808, 'Alexander Mesa Travieso', 'Nano', 23,214),
(17618, 'Carlos Akapo Martínez', 'Carlos Akapo', 15,69),
(19668, 'Augusto Matías Fernández', 'Augusto Fernández', 17,11),
(24053, 'Álvaro Giménez Candela', 'Álvaro Giménez', 21,214),
(31914, 'Omobolaji Habeeb Adekanye', 'Omobolaji Adekanye', 32,160),
(6757, 'Aarón Martín Caricol', 'Aarón Martín', 19,214),
(28658, 'Augusto Jorge Mateo Solari', 'Augusto Solari', 21,11),
(39598, 'Miguel Baeza Pérez', 'Miguel Baeza', 27,214),
(75546, 'Carlos Domínguez Cáceres', 'Carlos Domínguez', 40,214),
(97291, 'Patrick Gilmar Sequeira Mejías', null, 41,54),
(117025, 'Hugo Sotelo', null, 44,214),
(49301, 'Santiago Ramos Mingo', 'Santi Ramos Mingo', 32,11),
(5523, 'Renato Fabrizio Tapia Cortijo', 'Renato Tapia', 14,179),
(6803, 'Emre Mor', null, 11,233),
(42907, 'Iago Domínguez Rodríguez', 'Iago Domínguez', 26,214),
(47445, 'Miguel Rodríguez Vidal', 'Miguel Rodríguez', 32,214),
(47447, 'Gabriel Veiga Novas', 'Gabri Veiga', 31,214),
(48643, 'Raúl Blanco Juncal', 'Raúl Blanco', 35,214),
(49531, 'Sergio Carreira Vilariño', 'Sergio Carreira', 34,214),
(3417, 'Saidy Janko', null, 18,83),
(8651, 'Miguel Ángel Rubio Lestan', 'Miguel Ángel Rubio', 30,214),
(31235, 'Marcos André de Sousa Mendonça', 'Maranhão', 16,31),
(47372, 'Oriol Rey Erenas', 'Oriol Rey', 29,214),
(47373, 'José Luis Zalazar Martínez', 'Kuki', 27,214),
(105323, 'Francisco Javier Alvarez Rodríguez', 'Fran Álvarez', 32,214),
(105324, 'Mohamed Aiman Moukhliss Agmir', 'Moha', 35,214),
(4691, 'Claudio Andrés Bravo Muñoz', 'Claudio Bravo', 25,45),
(6593, 'Martín Montoya Torralbo', 'Martín Montoya', 2,214),
(37892, 'Carlos Marín Tomás', 'Carlos Marín', 31,214),
(41083, 'Rodrigo Sánchez Rodriguez', 'Rodri', 28,214),
(42282, 'Paul Edgar Akouokou', null, 4,55),
(6689, 'Álvaro Odriozola Arzallus', 'Álvaro Odriozola', 19,214),
(41153, 'Diego Altube Suárez', 'Diego Altube', 26,214),
(22801, 'Roberto López Alcaide', 'Roberto López', 28,214),
(23212, 'Martín Merquelanz Castellanos', 'Martín Merquelanz', 17,214),
(24921, 'Martín Zubimendi Ibáñez', 'Martín Zubimendi', 36,214),
(47375, 'Robert Navarro Muñoz', 'Robert Navarro', 29,214),
(48647, 'Urko González de Zarate Quirós', 'Urko González', 37,214),
(51205, 'Gaizka Ayesa Burgui', 'Gaizka Ayesa', 34,214),
(65900, 'Unai Marrero Larrañaga', 'Unai Marrero', 31,214),
(36288, 'Facundo Pellistri Rebollo', 'Facundo Pellistri', 37,242),
(41124, 'Javier López Carballo', 'Javi López', 26,214),
(82674, 'Abdelkabir Abqar', null, 36,154),
(23943, 'Rubén García Santos', 'Rubén García', 14,214),
(23949, 'Unai García Lugea', 'Unai García', 4,214),
(24172, 'Álvaro Juan Cruz Armada', 'Juan Cruz', 3,214),
(41573, 'Iñaki Álvarez Goñi', 'Iñaki Álvarez', 26,214),
(7922, 'Kelechi Nwakali', null, 26,166),
(24504, 'Eugeni Valderrama Domènech', 'Eugeni Valderrama', 8,214),
(6893, 'Jesús Vallejo Lázaro', null, 20,214),
(24037, 'Alberto Soro Álvarez', 'Alberto Soro', 26,214),
(24093, 'Luis Javier Suárez Charris', 'Luis Suárez', 7,49),
(24136, 'Federico Vico Villegas', 'Fede Vico', 14,214),
(24272, 'Luis Milla Manzanares', 'Luis Milla', 5,214),
(30081, 'Nehuén Pérez', null, 3,11),
(50912, 'Arnau Fàbrega Mañas', 'Arnau Fàbrega', 31,214),
(51824, 'José Sánchez Martínez', 'Pepe Sánchez', 28,214),
(7459, 'Jawad El Yamiq', null, 15,154),
(23627, 'João Pedro Neves Filipe', 'Jota', 40,183),
(24266, 'Luis Jesús Pérez Maqueda', 'Luis Pérez', 2,214),
(29310, 'Shon Zalman Weissman', null, 9,111),
(38832, 'Luis Federico López Andúgar', 'Luis López', 33,214),
(22140, 'Domingos Quina', null, 12,183),
(24138, 'Joaquín José Marín Ruiz', 'Quini', 17,214),
(31789, 'João Paulo Santos da Costa', 'João Costa', 35,183),
(52181, 'Sergio Barcia Laranxeira', 'Sergio Barcia', 42,214),
(23211, 'Víctor Mollejo Carpintero', 'Víctor Mollejo', 26,214),
(28589, 'Ante Palaversa', null, 14,56),
(31615, 'Orlando Rubén Yáñez Alabart', 'Rubén Yáñez', 1,214),
(41115, 'Alejandro Baena Rodríguez', 'Álex Baena', 32,214),
(49302, 'José Manuel Cabrera López', 'Lanchi', 27,214),
(7006, 'Alejandro Darío Gómez', 'Papu Gómez', 24,11),
(8572, 'Karim Rekik', null, 4,160),
(18921, 'Joris Gnagnon', null, 2,78),
(24738, 'Javier Díaz Sánchez', 'Javi Díaz', 31,214),
(23677, 'Yassin Fékir', null, 19,78),
(47611, 'Daniel Rebollo Franco', 'Dani Rebollo', 30,214),
(24995, 'Sergio Camello Pérez', 'Sergio Camello', 27,214),
(10765, 'Jorge Ruiz Ojeda', 'Koke', 1,214),
(8864, 'Darío Poveda Romera', 'Darío Poveda', 19,214),
(41107, 'Sabit Abdulai', null, 35,86),
(71519, 'Juan Antonio Iglesias Sánchez', 'Juan Iglesias', 29,214),
(75584, 'Mamor Niang', null, 39,214),
(79498, 'Amankwaa Akurugu', null, 40,86),
(105762, 'José Antonio Miranda Boacho', 'Josete Miranda', 32,69),
(12419, 'Lucas Torró Marset', 'Lucas Torró', 24,214),
(52108, 'Iván Martínez Marqués', 'Iván Martínez', 36,214),
(19597, 'Marcos Javier Acuña', 'Marcos Acuña', 19,11),
(3721, 'Etienne Capoue', 'Étienne Capoue', 25,78),
(21081, 'Juan Marcos Foyth', 'Juan Foyth', 8,11),
(50494, 'Yeremi Jesús Pino Santos', 'Yeremi Pino', 30,214),
(23445, 'Francisco Reis Ferreira', 'Ferro', 6,183),
(31931, 'Christian Gabriel Oliva Giménez', 'Christian Oliva', 10,242),
(35641, 'Hugo Guillamón Sanmartín', 'Hugo Guillamón', 15,214)