﻿﻿(210, 'Real Sociedad', 214),
(217, 'Barcelona', 4),
(205, 'Leganés', 11),
(213, 'Sevilla', 4),
(212, 'Atlético Madrid', 11),
(214, 'Espanyol', 214),
(209, 'Celta Vigo', 4),
(216, 'Getafe', 214),
(901, 'Real Valladolid', 4),
(218, 'Real Betis', 214),
(215, 'Athletic Club', 214),
(206, 'Deportivo Alavés', 4),
(207, 'Valencia', 4),
(221, 'Levante UD', 4),
(222, 'Villarreal', 4),
(211, 'Girona', 214),
(902, 'Huesca', 4),
(322, 'Eibar', 214),
(360, 'Rayo Vallecano', 4),
(220, 'Real Madrid', 11),
(1043, 'Mallorca', 42),
(422, 'Osasuna', 42),
(1049, 'Granada', 214),
(552, 'Cádiz', 214),
(1042, 'Elche', 90),
(46, 'Wolverhampton Wanderers', 68),
(1, 'Arsenal', 44),
(39, 'Manchester United', 44),
(22, 'Leicester City', 44),
(75, 'Charlton Athletic', 44),
(47, 'Middlesbrough', 68),
(101, 'Leeds United', 68),
(24, 'Liverpool', 68),
(33, 'Chelsea', 44),
(98, 'Blackburn Rovers', 201),
(59, 'Aston Villa', 109),
(37, 'Newcastle United', 44),
(36, 'Manchester City', 44),
(54, 'Birmingham City', 44),
(105, 'Portsmouth', 44),
(38, 'Tottenham Hotspur', 68),
(25, 'Southampton', 201),
(29, 'Everton', 44),
(55, 'Fulham', 44),
(328, 'Bolton Wanderers', 68)
